pref_drw;neck;preform_weight;preform_length;thickness;max_diam;under_supportledge_diam;base_thikness;partingline_height;partingline_diam;neck_weight;neck_nominal_diam;neck_support_ledge_diam;neck_internal_diam;neck_height;n_leads;shape;machine;cavitation;cycle_time
PN007712_00;26/12 EXALITE;23,50;114,90;2,52;24,25;24,25;2,14;17,00;24,25;1,94;26;29,25;21,74;12;3;Straight;;72;9
PN007704_00;26/12 EXALITE;22,00;114,90;2,30;24,25;24,25;2,07;17,00;24,25;1,94;26;29,25;21,74;12;3;Straight;;72;8,5
PN007703_00;26/12 EXALITE;11,40;74,00;2,53;17,82;24,25;2,28;17,00;23,48;1,94;26;29,25;21,74;12;3;Bell;;72;7,5
PN007699_00;26/12 EXALITE;9,70;74,00;1,92;17,82;24,25;1,88;17,00;23,48;1,94;26;29,25;21,74;12;3;Bell;;72;6,5
PN010097_00;26/22;50,00;146,00;3,78;29,00;25,50;3,02;39,00;28,97;2,59;26;31,5;21,74;15,06;1;Reverse;;72;17,6
PN008483_00;26/22;39,00;130,00;3,71;26,00;25,00;3,15;34,00;26,14;2,59;26;31,5;21,74;15,06;1;Reverse;;96;14,2
PN008489_00;26/22;35,00;130,00;3,20;26,00;25,00;2,72;34,00;26,14;2,59;26;31,5;21,74;15,06;1;Reverse;;96;12,9
PN008541_00;26/22;32,00;118,00;2,67;25,50;25,50;2,27;21,00;25,50;2,59;26;31,5;21,74;15,06;1;Straight;;144;13
PN008480_00;26/22;32,00;115,00;3,63;24,80;25,00;3,09;21,00;24,95;2,59;26;31,5;21,74;15,06;1;Bell;;96;13,2
PN009989_00;26/22;29,00;125,00;2,75;25,20;25,20;2,20;20,06;25,20;2,59;26;31,5;21,74;15,06;1;Straight;;128;10,7
PN009774_00;26/22;28,50;108,00;3,26;26,40;25,50;2,24;37,00;26,38;2,59;26;31,5;21,74;15,06;1;Reverse;;144;11,3
PN010346_00;26/22;27,30;125,00;2,52;25,20;25,20;2,14;20,06;25,20;2,59;26;31,5;21,74;15,06;1;Straight;;128;10,2
PN008486_00;26/22;26,00;115,00;2,72;25,00;25,00;2,39;21,00;24,96;2,59;26;31,5;21,74;15,06;1;Straight;;96;9,4
PN008490_00;26/22;24,00;95,00;3,65;22,90;25,00;3,10;21,00;24,49;2,59;26;31,5;21,74;15,06;1;Bell;;96;11,5
PN009043_00;26/22;23,60;115,91;2,47;23,29;25,70;2,09;21,00;25,47;2,59;26;31,5;21,74;15,06;1;Bell;;96;9,8
PN008482_00;26/22;22,00;85,00;3,88;22,90;25,00;3,30;21,00;24,49;2,59;26;31,5;21,74;15,06;1;Bell;;96;11,7
PN010095_00;26/22;20,00;89,21;3,03;22,73;25,50;2,58;20,10;25,27;2,59;26;31,5;21,74;15,06;1;Bell;;72;9
PN008479_00;26/22;19,00;85,00;3,09;22,90;25,00;2,63;21,00;24,49;2,59;26;31,5;21,74;15,06;1;Bell;;96;9,7
PN009116_00;26/22;18,50;88,00;2,80;22,64;25,50;2,24;21,06;25,00;2,59;26;31,5;21,74;15,06;1;Bell;;128;9,5
PN010482_01;26/22;18,00;89,00;3,00;20,70;25,20;2,55;21,50;24,41;2,59;26;31,5;21,74;15,06;1;Bell;;180;9,7
PN010467_00;26/22;17,50;84,06;3,06;20,90;25,50;2,60;20,06;25,08;2,59;26;31,5;21,74;15,06;1;Bell;;96;10,2
PN007625_00;26/22;17,50;84,88;3,16;20,96;25,50;2,50;20,21;0,00;2,59;26;31,5;21,74;15,06;1;Bell;;96;9,3
PN009039_01;26/22;16,90;89,23;2,94;19,79;24,70;2,24;21,00;23,80;2,59;26;31,5;21,74;15,06;1;Bell;;180;9,6
PN010465_00;26/22;16,00;84,06;2,63;20,90;25,50;2,24;20,06;25,08;2,59;26;31,5;21,74;15,06;1;Bell;;96;8,9
PN010482_00;26/22;16,00;87,00;2,93;18,70;25,20;2,49;18,50;25,13;2,59;26;31,5;21,74;15,06;1;Bell;;180;9,2
PN007933_02;26/22;15,50;84,00;2,90;19,61;24,50;2,20;21,20;23,31;2,59;26;31,5;21,74;15,06;1;Bell;;128;10
PN009937_00;26/22;14,40;86,00;2,35;20,20;25,00;2,00;17,90;24,68;2,59;26;31,5;21,74;15,06;1;Bell;;128;7,8
PN008858_00;26/22;13,55;73,87;3,08;18,97;24,50;2,60;18,47;24,13;2,59;26;31,5;21,74;15,06;1;Bell;;180;9,6
PN008485_00;26/22;13,50;80,00;2,54;19,00;25,00;2,24;21,00;23,55;2,59;26;31,5;21,74;15,06;1;Bell;;96;7,9
PN007844_05;26/22;10,04;77,06;1,82;17,40;24,30;1,82;20,60;23,05;2,59;26;31,5;21,74;15,06;1;Bell;;128;8,3
PN008484_00;26/22;10,00;68,00;2,01;18,50;25,00;1,77;21,00;23,43;2,59;26;31,5;21,74;15,06;1;Bell;;96;6,9
PN007844_03;26/22;9,75;74,00;1,87;17,18;24,50;1,87;20,00;23,04;2,59;26;31,5;21,74;15,06;1;Bell;;128;8,3
PN007844_02;26/22;9,75;76,00;1,87;17,40;24,50;1,87;20,00;23,08;2,59;26;31,5;21,74;15,06;1;Bell;;128;8,3
PN008653_00;26/22 30.37 GME;39,32;130,00;3,44;27,84;25,00;2,54;37,00;27,81;2,41;26;31;21,74;12,9;1;Reverse;;128;14,1
PN008653_00;26/22 30.37 GME;39,32;130,00;3,44;27,84;25,00;2,54;37,00;27,81;2,41;26;31;21,74;12,9;1;Reverse;;96;13,9
PN009381_00;26/22 30.37 GME;22,50;116,00;2,35;23,19;25,00;2,05;18,50;24,85;2,41;26;31;21,74;12,9;1;Bell;;96;9,9
PN008947_01;26/22 30.37 GME;22,00;115,00;2,33;23,18;25,00;2,05;18,50;24,85;2,41;26;31;21,74;12,9;1;Bell;;96;8,7
PN008947_00;26/22 30.37 GME;22,00;116,00;2,19;23,89;25,00;2,00;18,50;24,91;2,41;26;31;21,74;12,9;1;Bell;;96;8,5
PN008095_00;26/22 30.37 GME;12,30;61,90;3,17;19,97;24,70;2,30;17,90;0,00;2,41;26;31;21,74;12,9;1;Bell;;144;8,5
PN007720_00;26/22 EXALITE;23,10;114,90;2,52;24,25;24,25;2,07;17,00;24,25;1,55;26;29,25;21,74;12;3;Straight;;72;9
PN007876_00;26/22 EXALITE;22,00;114,20;2,29;24,30;24,25;1,99;25,70;0,00;1,55;26;29,25;21,74;12;3;Reverse;;72;8,5
PN007719_00;26/22 EXALITE;21,62;114,90;2,30;24,25;24,25;2,07;17,00;24,25;1,55;26;29,25;21,74;12;3;Straight;;72;8,5
PN007718_00;26/22 EXALITE;11,00;74,00;2,53;17,82;24,25;2,28;17,00;23,48;1,55;26;29,25;21,74;12;3;Bell;;72;7,5
PN007717_00;26/22 EXALITE;9,32;74,00;1,92;17,82;24,25;1,88;17,00;23,48;1,55;26;29,25;21,74;12;3;Bell;;72;6,5
PN010597_00;26mm 3 LEADS;29,80;109,85;3,64;24,36;25,50;2,73;18,35;25,38;1,74;26;29;22,03;11,85;3;Bell;;128;15
PN004240_00;26mm 3 LEADS;13,50;87,50;2,15;21,00;24,60;1,95;17,00;0,00;1,74;26;29;22,03;11,85;3;Bell;;128;8,7
PN006832_00;26mm 3 LEADS;8,50;62,27;2,21;17,29;24,37;2,00;15,90;0,00;1,74;26;29;22,03;11,85;3;Bell;;180;6,3
PN004239_00;26mm 3 LEADS;8,20;67,50;1,80;17,65;24,60;1,78;17,00;0,00;1,74;26;29;22,03;11,85;3;Bell;;128;7,7
PN008171_00;26mm;11,00;75,00;2,16;19,50;24,50;2,00;17,00;0,00;1,72;26;30,5;22,03;11,85;3;Bell;;128;6,6
PN006688_00;26mm;11,00;75,00;2,16;19,50;24,50;2,00;17,00;0,00;1,72;26;30,5;22,03;11,85;3;Bell;;96;6
PN003144_05;26mm;8,45;69,00;1,94;16,80;24,50;1,90;17,00;0,00;1,72;26;30,5;22,03;11,85;3;Bell;;128;7
PN010068_01;26mm GRAVITY 2;27,70;117,00;3,02;23,98;24,25;2,42;38,00;23,97;2,05;26;29,25;21,74;12;1;Bell;160;60;14,5
PN010176_00;26mm GRAVITY 2;27,70;117,00;2,95;24,46;24,25;2,34;38,00;24,44;2,05;26;29,25;21,74;12;1;Reverse;160;60;14,4
PN010181_00;26mm GRAVITY 2;25,70;117,00;2,66;24,46;24,25;2,11;38,00;24,44;2,05;26;29,25;21,74;12;1;Reverse;160;60;12,2
PN010063_01;26mm GRAVITY 2;25,70;117,00;2,72;23,98;24,25;2,18;38,00;23,97;2,05;26;29,25;21,74;12;1;Bell;160;60;12,3
PN010217_01;26mm GRAVITY 2;17,00;84,00;2,66;22,73;24,25;2,37;18,00;23,40;2,05;26;29,25;21,74;12;1;Bell;160;60;10,9
PN010214_01;26mm GRAVITY 2;11,50;70,20;2,91;17,80;24,25;2,18;18,00;23,40;2,05;26;29,25;21,74;12;1;Bell;160;60;9,4
PN010214_00;26mm GRAVITY 2;11,50;70,20;2,91;17,80;24,25;2,18;18,00;23,40;2,05;26;29,25;21,74;12;1;Bell;160;60;9,4
PN010216_01;26mm GRAVITY 2;9,50;70,20;2,03;17,80;24,25;1,91;18,00;23,40;2,05;26;29,25;21,74;12;1;Bell;160;60;7,5
PN010216_00;26mm GRAVITY 2;9,50;70,20;2,03;17,80;24,25;1,91;18,00;23,40;2,05;26;29,25;21,74;12;1;Bell;160;60;7,5
PN009979_00;26mm SNAP FLANGE;5,20;46,50;1,62;17,03;21,00;1,61;7,20;26,00;1,15;26;26;22;7,5;0;Bell;;200;5,5
PN010307_00;28mm;138,00;191,00;8,41;34,71;28,20;4,43;55,00;34,65;8,5;28;41;20,74;22,8;1;Reverse;;32;59
PN005394_01;28mm;112,00;181,80;7,54;32,80;28,20;5,29;54,00;32,77;8,5;28;41;20,74;22,8;1;Reverse;;72;48
PN005574_02;28mm;84,00;158,00;5,36;31,24;28,20;4,94;54,00;31,20;8,5;28;41;20,74;22,8;1;Reverse;;72;41
PN010128_02;28mm BPF;97,00;169,67;6,04;31,88;28,40;4,80;48,00;31,84;8,29;28;38,27;20,78;22,8;1;Reverse;;48;51
PN010128_01;28mm BPF;97,00;169,67;6,12;31,88;28,40;4,80;48,00;31,84;8,29;28;38,27;20,78;22,8;1;Reverse;;48;51
PN004035_02;28mm NECK FINISH;13,00;81,20;2,50;19,00;25,70;2,00;26,60;0,00;3,4;28;32;23;21,6;1;Bell;;128;8,7
PN004035_01;28mm NECK FINISH;13,00;78,60;2,28;17,40;25,70;2,00;26,60;26,60;3,4;28;32;23;21,6;1;Bell;;128;10,1
PN006713_00;28mm NECK FINISH;11,93;81,20;2,05;19,00;25,70;1,95;26,60;0,00;3,4;28;32;23;21,6;1;Bell;;128;9,9
PN006843_00;28mm NECK FINISH;11,00;81,20;2,05;15,70;25,70;2,00;26,60;0,00;3,4;28;32;23;21,6;1;Bell;;128;9,7
PN008606_00;28mm PCO;15,70;75,00;2,98;20,80;25,50;2,68;21,00;25,07;3,47;28;31;21,74;17;1;Bell;;96;9,9
PN008603_00;28mm PCO;12,00;62,00;2,82;20,00;25,00;2,54;21,00;24,55;3,47;28;31;21,74;17;1;Bell;;96;8,6
PN006440_00;28mm PCO 1810;52,00;158,20;3,55;28,55;25,70;2,90;42,00;0,00;5;28;33;21,74;21;1;Reverse;;96;15,4
PN006431_00;28mm PCO 1810;42,70;144,60;3,15;27,80;25,70;2,90;40,62;0,00;5;28;33;21,74;21;1;Reverse;;96;13
PN003603_00;28mm PCO 1810;30,00;125,50;2,64;26,00;25,80;2,07;42,00;25,99;5;28;33;21,74;21;1;Reverse;;128;13,5
PN003603_00;28mm PCO 1810;30,00;125,50;2,64;26,00;25,80;2,07;42,00;25,99;5;28;33;21,74;21;1;Reverse;;128;13,5
PN003258_00;28mm PCO 1810;30,00;104,50;3,63;25,08;25,70;2,90;30,00;0,00;5;28;33;21,74;21;1;Bell;;96;13,5
PN003258_02;28mm PCO 1810;28,00;104,50;3,24;25,08;25,70;2,59;30,00;0,00;5;28;33;21,74;21;1;Bell;;128;12,3
PN003605_01;28mm PCO 1810;27,00;107,00;2,88;25,80;25,50;2,30;36,50;25,79;5;28;33;21,74;21;1;Reverse;;128;12,1
PN010075_00;28mm PCO 1810;26,60;123,00;2,46;23,98;25,50;2,02;44,00;23,97;5;28;33;21,74;21;1;Bell;160;60;11,9
PN003143_00;28mm PCO 1810;23,00;90,67;4,01;20,84;25,50;3,12;29,00;0,00;5;28;33;21,74;21;1;Bell;;96;15,1
PN010189_00;28mm PCO 1810;22,00;94,00;3,65;20,00;25,50;2,74;25,00;25,50;5;28;33;21,74;21;1;Bell;;128;12,5
PN003604_00;28mm PCO 1810;13,70;72,50;2,70;17,00;25,80;2,05;26,00;25,60;5;28;33;21,74;21;1;Bell;;128;9,2
PN004035_00;28mm PCO 1810;13,00;78,00;2,08;17,40;25,70;2,00;26,00;0,00;5;28;33;21,74;21;1;Bell;;128;10,1
PN010236_01;28mm PCO 1810 LIGHT;17,50;93,00;2,18;22,73;25,50;2,01;27,00;23,40;4,3;28;33;21,74;21;1;Bell;160;60;9,5
PN010227_01;28mm PCO 1810 LIGHT;14,00;79,20;2,58;17,80;25,50;2,19;27,00;23,40;4,3;28;33;21,74;21;1;Bell;160;60;9,6
PN010227_00;28mm PCO 1810 LIGHT;14,00;79,20;2,58;17,80;25,50;2,19;27,00;23,40;4,3;28;33;21,74;21;1;Bell;160;60;9,6
PN006550_01;28mm PCO 1881;103,10;182,00;4,08;42,37;39,02;2,50;101,00;0,00;3,8;28;33;21,74;17;1;Reverse;;48;24,5
PN003726_00;28mm PCO 1881;58,20;169,70;3,68;28,96;25,80;2,98;43,00;28,94;3,8;28;33;21,74;17;1;Reverse;;96;18,5
PN007956_02;28mm PCO 1881;54,50;148,10;4,09;28,84;25,70;3,00;39,50;0,00;3,8;28;33;21,74;17;1;Reverse;;96;20,5
PN010130_00;28mm PCO 1881;50,70;146,00;3,96;27,83;25,70;3,17;38,82;27,81;3,8;28;33;21,74;17;1;Reverse;;48;17,8
PN007958_02;28mm PCO 1881;50,50;148,10;3,67;28,84;25,70;2,88;39,50;0,00;3,8;28;33;21,74;17;1;Reverse;;96;18,9
PN009208_00;28mm PCO 1881;50,00;147,00;3,88;28,00;25,50;3,18;44,00;27,98;3,8;28;33;21,74;17;1;Reverse;;144;17,5
PN003092_05;28mm PCO 1881;48,50;148,00;3,59;28,60;25,50;2,87;47,00;0,00;3,8;28;33;21,74;17;1;Reverse;;96;16,9
PN009397_00;28mm PCO 1881;48,00;143,00;3,93;27,50;25,50;2,95;40,00;27,47;3,8;28;33;21,74;17;1;Reverse;;144;18,7
PN009179_00;28mm PCO 1881;48,00;145,00;3,71;28,20;25,50;3,04;44,00;28,18;3,8;28;33;21,74;17;1;Reverse;;180;16,9
PN008926_01;28mm PCO 1881;47,50;141,00;3,80;28,08;25,50;3,23;43,00;28,05;3,8;28;33;21,74;17;1;Reverse;;144;16,9
PN008926_00;28mm PCO 1881;47,50;139,00;3,91;28,10;25,50;3,07;43,00;28,06;3,8;28;33;21,74;17;1;Reverse;;144;17
PN003484_01;28mm PCO 1881;45,80;140,00;3,70;28,00;25,50;2,96;43,76;28,00;3,8;28;33;21,74;17;1;Reverse;;96;17,2
PN010213_00;28mm PCO 1881;45,00;141,00;3,53;28,08;25,50;3,00;43,00;28,05;3,8;28;33;21,74;17;1;Reverse;;144;15,9
PN008925_01;28mm PCO 1881;45,00;141,00;3,52;28,08;25,50;3,00;43,00;28,05;3,8;28;33;21,74;17;1;Reverse;;144;15,9
PN008925_00;28mm PCO 1881;45,00;139,00;3,63;28,10;25,50;2,85;43,00;28,06;3,8;28;33;21,74;17;1;Reverse;;144;16
PN003484_02;28mm PCO 1881;44,90;140,50;3,59;28,20;25,50;2,95;43,76;28,20;3,8;28;33;21,74;17;1;Reverse;;96;18,1
PN006939_00;28mm PCO 1881;44,75;129,00;3,92;28,43;25,50;3,34;39,50;28,43;3,8;28;33;21,74;17;1;Reverse;;144;15,9
PN004173_02;28mm PCO 1881;44,50;133,80;3,85;28,20;25,60;3,15;38,79;0,00;3,8;28;33;21,74;17;1;Reverse;;96;15,7
PN004173_01;28mm PCO 1881;44,50;133,80;3,85;28,20;25,60;3,15;38,79;0,00;3,8;28;33;21,74;17;1;Reverse;;96;15,7
PN004173_00;28mm PCO 1881;44,50;133,80;3,85;28,00;25,60;3,15;38,79;0,00;3,8;28;33;21,74;17;1;Reverse;;96;15,7
PN010529_02;28mm PCO 1881;44,00;134,00;3,97;27,00;25,50;2,98;42,00;26,97;3,8;28;33;21,74;17;1;Reverse;;200;19,2
PN010529_01;28mm PCO 1881;44,00;134,00;3,97;27,00;25,50;2,98;42,00;26,97;3,8;28;33;21,74;17;1;Reverse;;200;19,2
PN006246_00;28mm PCO 1881;44,00;131,81;3,80;28,70;25,70;2,72;40,00;0,00;3,8;28;33;21,74;17;1;Reverse;;96;15,5
PN003725_00;28mm PCO 1881;43,70;146,30;3,22;28,00;25,70;2,55;38,30;27,97;3,8;28;33;21,74;17;1;Reverse;;128;17,5
PN009696_00;28mm PCO 1881;43,30;131,00;4,02;26,50;25,50;3,22;37,00;26,48;3,8;28;33;21,74;17;1;Reverse;;96;16,9
PN002737_01;28mm PCO 1881;43,20;126,50;3,92;29,20;25,50;2,94;44,00;29,20;3,8;28;33;21,74;17;1;Reverse;;96;16,3
PN006238_00;28mm PCO 1881;43,00;131,81;3,69;28,70;25,70;2,65;40,00;0,00;3,8;28;33;21,74;17;1;Reverse;;96;15,2
PN008924_01;28mm PCO 1881;42,50;141,00;3,28;28,08;25,50;2,42;43,00;28,05;3,8;28;33;21,74;17;1;Reverse;;144;14,5
PN008924_00;28mm PCO 1881;42,50;139,00;3,35;28,10;25,50;2,63;43,00;28,06;3,8;28;33;21,74;17;1;Reverse;;144;14,6
PN010363_00;28mm PCO 1881;42,30;124,30;3,88;25,70;25,70;2,80;41,00;28,46;3,8;28;33;21,74;17;1;Straight;;144;16,4
PN005977_00;28mm PCO 1881;42,00;139,00;3,32;28,00;25,70;2,72;42,00;0,00;3,8;28;33;21,74;17;1;Reverse;;96;15,3
PN006932_00;28mm PCO 1881;40,20;123,00;4,05;26,50;25,50;3,20;38,50;26,50;3,8;28;33;21,74;17;1;Reverse;;144;14,9
PN005123_00;28mm PCO 1881;39,00;129,20;3,55;26,50;25,70;2,69;36,50;0,00;3,8;28;33;21,74;17;1;Reverse;;84;15,6
PN010535_02;28mm PCO 1881;38,00;134,00;3,22;27,50;25,50;2,58;42,00;26,97;3,8;28;33;21,74;17;1;Reverse;;200;16,6
PN010535_01;28mm PCO 1881;38,00;134,00;3,22;27,50;25,50;2,58;42,00;26,97;3,8;28;33;21,74;17;1;Reverse;;200;16,6
PN005651_00;28mm PCO 1881;38,00;119,50;3,92;26,40;25,70;2,94;34,00;0,00;3,8;28;33;21,74;17;1;Reverse;;48;16,2
PN005386_00;28mm PCO 1881;36,46;120,00;3,74;25,92;25,50;3,00;40,00;0,00;3,8;28;33;21,74;17;1;Reverse;;84;14
PN009711_00;28mm PCO 1881;36,00;123,50;3,76;25,00;25,50;2,63;22,00;25,47;3,8;28;33;21,74;17;1;Bell;;48;14,9
PN005656_00;28mm PCO 1881;36,00;119,50;3,62;26,40;25,70;2,72;34,00;0,00;3,8;28;33;21,74;17;1;Reverse;;48;14,9
PN010536_02;28mm PCO 1881;35,30;134,00;2,89;27,00;25,50;2,37;42,00;26,97;3,8;28;33;21,74;17;1;Reverse;;200;15,4
PN010536_01;28mm PCO 1881;35,30;134,00;2,89;27,00;25,50;2,37;42,00;26,97;3,8;28;33;21,74;17;1;Reverse;;200;14,4
PN007962_00;28mm PCO 1881;35,00;116,50;3,72;25,83;26,00;2,85;36,70;0,00;3,8;28;33;21,74;17;1;Bell;;144;13,8
PN010073_01;28mm PCO 1881;34,50;122,00;3,80;23,98;25,50;3,04;43,00;23,97;3,8;28;33;21,74;17;1;Bell;160;60;16,9
PN010361_01;28mm PCO 1881;34,00;111,00;3,67;26,88;25,50;2,86;37,00;26,85;3,8;28;33;21,74;17;1;Reverse;;96;14,9
PN010350_00;28mm PCO 1881;34,00;115,00;3,65;26,00;25,50;2,56;39,00;25,99;3,8;28;33;21,74;17;1;Reverse;;180;14,1
PN010321_00;28mm PCO 1881;33,50;132,02;2,98;25,30;25,60;2,24;22,00;25,57;3,8;28;33;21,74;17;1;Bell;;200;14,6
PN007964_00;28mm PCO 1881;33,00;116,50;3,41;25,83;26,00;2,70;36,70;0,00;3,8;28;33;21,74;17;1;Bell;;144;13,2
PN010559_01;28mm PCO 1881;32,00;115,00;3,64;24,36;25,50;2,73;23,50;25,38;3,8;28;33;21,74;17;1;Bell;;128;15,2
PN010453_00;28mm PCO 1881;31,00;111,00;3,46;24,97;25,50;2,77;22,00;25,45;3,8;28;33;21,74;17;1;Bell;;72;13,6
PN010258_00;28mm PCO 1881;30,70;122,00;3,09;24,46;25,50;2,47;43,00;43,00;3,8;28;33;21,74;17;1;Bell;160;60;15,2
PN006164_00;28mm PCO 1881;30,60;106,50;3,89;24,00;25,50;3,20;22,00;0,00;3,8;28;33;21,74;17;1;Bell;;180;15,3
PN008122_00;28mm PCO 1881;30,00;114,00;3,01;26,25;25,50;2,41;36,00;26,24;3,8;28;33;21,74;17;1;Reverse;;96;11,5
PN010182_00;28mm PCO 1881;29,60;122,00;2,92;24,46;25,50;2,34;43,00;43,00;3,8;28;33;21,74;17;1;Bell;160;60;14,5
PN003708_00;28mm PCO 1881;29,50;125,00;2,60;25,80;25,80;2,31;25,00;0,00;3,8;28;33;21,74;17;1;Straight;;128;11,8
PN010561_01;28mm PCO 1881;29,00;115,00;3,13;24,36;25,50;2,35;23,50;25,38;3,8;28;33;21,74;17;1;Bell;;128;13,5
PN003605_00;28mm PCO 1881;29,00;103,00;3,45;25,80;25,50;2,60;32,50;25,79;3,8;28;33;21,74;17;1;Reverse;;128;13,7
PN006927_00;28mm PCO 1881;28,80;107,90;3,54;23,75;25,50;2,56;22,50;0,00;3,8;28;33;21,74;17;1;Bell;;144;11,5
PN010362_00;28mm PCO 1881;28,50;100,10;3,54;25,70;25,70;2,66;22,00;25,69;3,8;28;33;21,74;17;1;Straight;;144;12,1
PN005657_00;28mm PCO 1881;28,50;119,50;2,56;26,40;25,70;2,25;34,00;0,00;3,8;28;33;21,74;17;1;Reverse;;48;10,5
PN010185_00;28mm PCO 1881;28,30;122,00;2,73;24,46;25,50;2,18;43,00;43,00;3,8;28;33;21,74;17;1;Bell;160;60;12,8
PN009174_00;28mm PCO 1881;28,00;110,82;2,95;25,50;25,50;2,17;22,00;25,50;3,8;28;33;21,74;17;1;Straight;;180;13,5
PN010185_02;28mm PCO 1881;27,50;122,00;2,62;24,46;25,50;2,10;43,00;43,00;3,8;28;33;21,74;17;1;Bell;160;60;12,5
PN005868_00;28mm PCO 1881;26,70;96,50;4,05;22,80;25,50;3,20;22,00;0,00;3,8;28;33;21,74;17;1;Bell;;144;12,9
PN010184_00;28mm PCO 1881;26,30;122,00;2,44;24,46;25,50;2,07;43,00;43,00;3,8;28;33;21,74;17;1;Bell;160;60;11,8
PN010070_01;28mm PCO 1881;26,30;122,00;2,50;23,98;25,50;2,12;43,00;23,97;3,8;28;33;21,74;17;1;Bell;160;60;11,9
PN010560_01;28mm PCO 1881;26,00;115,00;2,66;24,36;25,50;2,00;23,50;25,38;3,8;28;33;21,74;17;1;Bell;;128;11,9
PN010184_02;28mm PCO 1881;25,90;122,00;2,38;24,46;25,50;2,07;43,00;43,00;3,8;28;33;21,74;17;1;Bell;160;60;11,6
PN007025_00;28mm PCO 1881;25,90;118,20;2,48;24,83;25,50;2,10;22,00;0,00;3,8;28;33;21,74;17;1;Bell;;144;10
PN009175_00;28mm PCO 1881;25,80;110,82;2,60;25,50;25,50;2,03;22,00;25,50;3,8;28;33;21,74;17;1;Straight;;180;12,5
PN010526_01;28mm PCO 1881;24,50;87,80;4,06;22,77;25,70;3,61;22,00;25,15;3,8;28;33;21,74;17;1;Bell;;128;24,5
PN005867_00;28mm PCO 1881;23,60;96,50;3,32;22,80;25,50;2,60;22,00;0,00;3,8;28;33;21,74;17;1;Bell;;144;10,4
PN003639_00;28mm PCO 1881;23,60;103,00;2,68;24,50;25,70;2,14;22,00;25,62;3,8;28;33;21,74;17;1;Bell;;144;11
PN003375_00;28mm PCO 1881;23,50;95,00;3,38;23,00;25,50;2,54;23,00;0,00;3,8;28;33;21,74;17;1;Bell;;96;12,5
PN010516_02;28mm PCO 1881;23,00;87,80;3,65;22,77;25,70;3,24;22,00;25,15;3,8;28;33;21,74;17;1;Bell;;128;14,1
PN009347_02;28mm PCO 1881;23,00;93,50;3,76;21,01;25,50;2,74;21,00;25,50;3,8;28;33;21,74;17;1;Bell;;128;12,5
PN006931_00;28mm PCO 1881;23,00;96,00;3,19;22,88;25,50;2,25;23,00;0,00;3,8;28;33;21,74;17;1;Bell;;144;9,4
PN008430_02;28mm PCO 1881;22,50;99,00;2,94;22,79;25,50;2,23;22,00;25,50;3,8;28;33;21,74;17;1;Bell;;72;9,3
PN006923_00;28mm PCO 1881;22,30;97,57;3,43;21,14;25,50;2,91;23,00;0,00;3,8;28;33;21,74;17;1;Bell;;128;14,1
PN007104_01;28mm PCO 1881;22,28;97,00;3,41;20,80;25,50;2,79;23,50;0,00;3,8;28;33;21,74;17;1;Bell;;128;13,5
PN006123_00;28mm PCO 1881;22,20;96,50;2,99;22,76;25,50;2,40;22,50;0,00;3,8;28;33;21,74;17;1;Bell;;180;10,9
PN007349_01;28mm PCO 1881;22,00;96,00;3,56;21,20;25,50;2,87;23,00;0,00;3,8;28;33;21,74;17;1;Bell;;144;9,6
PN005866_00;28mm PCO 1881;21,60;96,50;2,86;22,80;25,50;2,50;22,00;0,00;3,8;28;33;21,74;17;1;Bell;;144;9,4
PN009691_02;28mm PCO 1881;21,50;109,00;2,49;21,60;25,50;2,00;23,00;25,03;3,8;28;33;21,74;17;1;Bell;;72;9,6
PN010460_01;28mm PCO 1881;21,00;93,00;3,50;19,95;25,50;2,62;23,00;24,74;3,8;28;33;21,74;17;1;Bell;;144;10,8
PN010513_03;28mm PCO 1881;21,00;87,80;3,15;22,77;25,70;2,80;22,00;25,15;3,8;28;33;21,74;17;1;Bell;;128;12,2
PN010460_00;28mm PCO 1881;21,00;93,00;3,50;19,95;25,50;2,62;23,00;24,74;3,8;28;33;21,74;17;1;Bell;;180;11,6
PN008120_00;28mm PCO 1881;21,00;88,00;3,60;20,89;25,50;2,88;22,00;25,04;3,8;28;33;21,74;17;1;Bell;;96;11,9
PN007639_00;28mm PCO 1881;21,00;91,40;3,56;20,22;25,50;2,67;23,00;24,56;3,8;28;33;21,74;17;1;Bell;;144;10,8
PN006897_01;28mm PCO 1881;21,00;94,00;3,32;20,50;25,50;2,66;22,50;0,00;3,8;28;33;21,74;17;1;Bell;;180;11,8
PN006897_00;28mm PCO 1881;21,00;93,00;2,91;22,80;25,50;2,33;22,00;0,00;3,8;28;33;21,74;17;1;Bell;;180;10,6
PN010398_00;28mm PCO 1881;20,70;86,57;2,65;20,84;25,50;3,01;23,50;24,92;3,8;28;33;21,74;17;1;Bell;;96;11,9
PN006935_00;28mm PCO 1881;20,70;86,67;3,65;20,84;25,50;3,03;24,00;0,00;3,8;28;33;21,74;17;1;Bell;;144;10,2
PN008533_01;28mm PCO 1881;20,50;99,00;2,52;22,79;25,50;2,14;22,00;25,50;3,8;28;33;21,74;17;1;Bell;;72;8,8
PN009687_02;28mm PCO 1881;20,00;109,00;2,20;21,60;25,50;1,95;23,00;25,03;3,8;28;33;21,74;17;1;Bell;;72;8,9
PN007692_00;28mm PCO 1881;20,00;82,00;3,40;22,61;25,50;2,72;22,50;25,07;3,8;28;33;21,74;17;1;Bell;;128;11,3
PN006050_00;28mm PCO 1881;20,00;97,80;3,17;18,85;25,50;2,54;25,00;0,00;3,8;28;33;21,74;17;1;Bell;;128;10,8
PN004251_00;28mm PCO 1881;20,00;84,00;3,15;22,72;25,70;2,80;22,00;0,00;3,8;28;33;21,74;17;1;Bell;;128;11,8
PN006741_00;28mm PCO 1881;19,90;86,67;3,59;20,96;25,50;2,70;22,00;0,00;3,8;28;33;21,74;17;1;Bell;;96;10,9
PN006899_01;28mm PCO 1881;19,50;94,00;2,92;20,50;25,50;2,34;22,50;0,00;3,8;28;33;21,74;17;1;Bell;;180;10,6
PN006899_00;28mm PCO 1881;19,50;93,00;2,56;22,80;25,50;2,25;22,00;0,00;3,8;28;33;21,74;17;1;Bell;;180;9,8
PN008905_00;28mm PCO 1881;19,00;86,00;3,16;20,90;25,50;2,69;22,00;24,90;3,8;28;33;21,74;17;1;Bell;;48;9,2
PN006900_01;28mm PCO 1881;19,00;94,00;2,79;20,50;25,50;2,23;22,50;0,00;3,8;28;33;21,74;17;1;Bell;;180;10,2
PN006900_00;28mm PCO 1881;19,00;93,00;2,45;22,80;25,50;2,16;22,00;0,00;3,8;28;33;21,74;17;1;Bell;;180;9,5
PN005654_00;28mm PCO 1881;19,00;88,00;3,17;20,28;25,70;2,54;22,00;0,00;3,8;28;33;21,74;17;1;Bell;;48;10,9
PN008866_00;28mm PCO 1881;18,25;79,15;3,56;20,49;25,50;3,11;25,00;23,83;3,8;28;33;21,74;17;1;Bell;;144;10,6
PN006975_00;28mm PCO 1881;18,10;91,00;2,37;22,60;25,50;2,01;22,00;0,00;3,8;28;33;21,74;17;1;Bell;;96;8,6
PN004658_00;28mm PCO 1881;18,05;87,80;2,93;20,50;25,20;2,00;25,00;0,00;3,8;28;33;21,74;17;1;Bell;;128;11
PN004642_00;28mm PCO 1881;18,05;87,80;2,91;20,50;25,20;2,18;25,00;0,00;3,8;28;33;21,74;17;1;Bell;;128;10,8
PN004657_00;28mm PCO 1881;18,05;92,00;2,46;21,20;25,20;2,00;29,20;0,00;3,8;28;33;21,74;17;1;Bell;;128;10,5
PN004656_00;28mm PCO 1881;18,05;87,80;2,98;20,50;25,20;2,24;25,00;0,00;3,8;28;33;21,74;17;1;Bell;;128;10,8
PN010464_01;28mm PCO 1881;18,00;86,00;2,87;20,90;25,50;2,44;22,00;25,08;3,8;28;33;21,74;17;1;Bell;;96;9,6
PN007641_00;28mm PCO 1881;18,00;91,40;2,71;20,22;25,50;2,17;23,00;24,56;3,8;28;33;21,74;17;1;Bell;;144;8,7
PN007026_00;28mm PCO 1881;18,00;84,00;2,64;22,72;25,70;2,35;22,00;0,00;3,8;28;33;21,74;17;1;Bell;;128;10,8
PN006475_00;28mm PCO 1881;18,00;93,00;2,77;19,50;25,50;2,22;23,00;0,00;3,8;28;33;21,74;17;1;Bell;;128;10,2
PN006438_00;28mm PCO 1881;18,00;93,00;2,77;19,50;25,50;2,22;23,00;0,00;3,8;28;33;21,74;17;1;Bell;;128;9,5
PN006288_00;28mm PCO 1881;18,00;96,00;2,42;20,80;25,50;2,06;16,50;0,00;3,8;28;33;21,74;17;1;Bell;;128;10
PN008784_00;28mm PCO 1881;17,80;88,98;3,01;19,11;25,50;2,26;23,00;24,84;3,8;28;33;21,74;17;1;Bell;;128;9,5
PN007616_00;28mm PCO 1881;17,70;87,60;2,72;20,79;25,50;2,20;22,00;25,16;3,8;28;33;21,74;17;1;Bell;;144;8,8
PN007616_01;28mm PCO 1881;17,65;87,60;2,70;20,79;25,50;2,31;22,00;25,16;3,8;28;33;21,74;17;1;Bell;;144;8,8
PN008941_00;28mm PCO 1881;17,50;86,40;2,85;20,69;25,50;2,78;23,50;24,78;3,8;28;33;21,74;17;1;Bell;;144;9,1
PN008119_00;28mm PCO 1881;17,50;89,00;3,06;18,50;25,50;2,45;22,00;24,85;3,8;28;33;21,74;17;1;Bell;;180;10,5
PN008147_00;28mm PCO 1881;17,30;89,00;3,00;18,50;25,50;2,43;22,00;24,85;3,8;28;33;21,74;17;1;Bell;;180;10,4
PN010533_01;28mm PCO 1881;16,50;71,00;3,89;19,50;25,50;2,72;22,00;25,17;3,8;28;33;21,74;17;1;Bell;;200;11,3
PN010463_01;28mm PCO 1881;16,50;86,00;2,45;20,90;25,50;2,13;22,00;25,08;3,8;28;33;21,74;17;1;Bell;;96;8,4
PN007641_02;28mm PCO 1881;16,50;82,20;3,00;20,11;25,50;2,55;23,00;24,55;3,8;28;33;21,74;17;1;Bell;;144;9,4
PN007641_01;28mm PCO 1881;16,50;91,40;2,33;20,22;25,50;1,98;23,00;24,56;3,8;28;33;21,74;17;1;Bell;;144;8,4
PN008907_03;28mm PCO 1881;16,20;82,10;2,93;19,20;25,70;2,34;22,00;25,45;3,8;28;33;21,74;17;1;Bell;;180;9,1
PN004290_00;28mm PCO 1881;16,20;86,50;2,57;19,63;25,50;2,21;22,00;0,00;3,8;28;33;21,74;17;1;Bell;;144;9,5
PN008907_02;28mm PCO 1881;16,00;82,10;2,93;19,20;25,70;2,34;22,00;25,45;3,8;28;33;21,74;17;1;Bell;;180;9,1
PN008907_01;28mm PCO 1881;16,00;81,30;2,93;19,20;25,70;2,30;22,00;25,45;3,8;28;33;21,74;17;1;Bell;;180;9,1
PN008491_02;28mm PCO 1881;16,00;83,30;2,80;19,00;25,50;2,15;23,00;24,37;3,8;28;33;21,74;17;1;Bell;;72;8,2
PN006268_00;28mm PCO 1881;16,00;80,00;2,91;19,55;25,50;2,50;22,50;0,00;3,8;28;33;21,74;17;1;Bell;;128;9,7
PN006194_00;28mm PCO 1881;15,90;78,00;2,96;19,80;25,50;2,35;22,00;0,00;3,8;28;33;21,74;17;1;Bell;;180;10
PN005658_00;28mm PCO 1881;15,80;88,00;2,25;20,28;25,70;2,02;22,00;0,00;3,8;28;33;21,74;17;1;Bell;;48;8
PN010322_00;28mm PCO 1881;15,70;87,80;2,24;20,46;24,70;2,20;22,00;24,10;3,8;28;33;21,74;17;1;Bell;;200;8,4
PN007879_00;28mm PCO 1881;15,60;76,20;3,19;18,81;25,50;2,40;23,00;23,97;3,8;28;33;21,74;17;1;Bell;;144;8,9
PN006978_00;28mm PCO 1881;15,60;87,60;2,15;20,79;25,50;1,97;22,00;0,00;3,8;28;33;21,74;17;1;Bell;;144;8,3
PN006299_00;28mm PCO 1881;15,40;87,80;2,20;20,50;25,20;2,00;25,00;0,00;3,8;28;33;21,74;17;1;Bell;;128;9
PN003242_00;28mm PCO 1881;15,10;70,00;3,16;20,00;26,00;2,69;24,00;0,00;3,8;28;33;21,74;17;1;Bell;;96;10,7
PN010349_00;28mm PCO 1881;15,00;84,00;2,15;20,86;25,50;1,94;22,00;24,94;3,8;28;33;21,74;17;1;Bell;;180;7,6
PN007215_00;28mm PCO 1881;15,00;81,00;2,61;19,00;25,50;2,22;22,00;0,00;3,8;28;33;21,74;17;1;Bell;;128;10,6
PN006902_00;28mm PCO 1881;15,00;65,00;4,16;18,73;25,70;3,12;23,00;0,00;3,8;28;33;21,74;17;1;Bell;;144;11,3
PN005610_00;28mm PCO 1881;15,00;86,50;2,24;19,63;25,50;2,00;22,00;0,00;3,8;28;33;21,74;17;1;Bell;;144;9,5
PN010538_01;28mm PCO 1881;14,50;71,00;2,99;19,50;25,50;2,15;22,00;25,17;3,8;28;33;21,74;17;1;Bell;;200;9,1
PN007136_00;28mm PCO 1881;14,50;83,50;2,64;16,79;24,70;2,24;22,00;0,00;3,8;28;33;21,74;17;1;Bell;;144;8,4
PN007100_00;28mm PCO 1881;14,50;83,50;2,74;16,79;24,70;2,35;22,00;0,00;3,8;28;33;21,74;17;1;Bell;;144;8,5
PN007028_00;28mm PCO 1881;14,50;67,90;3,75;17,66;25,50;2,96;22,50;0,00;3,8;28;33;21,74;17;1;Bell;;128;12,8
PN005611_00;28mm PCO 1881;14,50;83,00;2,60;18,00;25,30;2,10;22,00;0,00;3,8;28;33;21,74;17;1;Bell;;144;10,1
PN003399_00;28mm PCO 1881;14,40;86,50;2,30;18,34;25,30;2,00;22,00;0,00;3,8;28;33;21,74;17;1;Bell;;128;8,7
PN010226_01;28mm PCO 1881;14,10;75,20;2,90;17,80;25,50;2,23;23,00;23,40;3,8;28;33;21,74;17;1;Bell;160;60;9,9
PN010226_00;28mm PCO 1881;14,10;75,20;2,90;17,80;25,50;2,23;23,00;23,40;3,8;28;33;21,74;17;1;Bell;160;60;9,9
PN005659_00;28mm PCO 1881;14,10;73,00;2,60;20,00;25,70;2,21;22,00;0,00;3,8;28;33;21,74;17;1;Bell;;48;8,4
PN009030_00;28mm PCO 1881;14,00;71,00;2,66;20,72;25,00;2,26;22,00;24,27;3,8;28;33;21,74;17;1;Bell;;48;7,9
PN008492_02;28mm PCO 1881;14,00;83,30;2,15;19,00;25,50;2,05;23,00;24,37;3,8;28;33;21,74;17;1;Bell;;72;7,5
PN007220_00;28mm PCO 1881;14,00;81,00;2,30;19,00;25,50;2,00;22,00;0,00;3,8;28;33;21,74;17;1;Bell;;128;10
PN006549_00;28mm PCO 1881;13,70;66,00;3,17;19,97;24,70;2,30;22,00;0,00;3,8;28;33;21,74;17;1;Bell;;144;9
PN007911_00;28mm PCO 1881;13,60;76,20;2,40;18,81;25,50;2,20;23,00;23,97;3,8;28;33;21,74;17;1;Bell;;144;7,8
PN006898_00;28mm PCO 1881;13,40;65,00;3,22;18,73;25,70;2,57;23,00;0,00;3,8;28;33;21,74;17;1;Bell;;144;8,5
PN007137_00;28mm PCO 1881;13,20;83,50;2,20;16,79;24,70;1,90;22,00;0,00;3,8;28;33;21,74;17;1;Bell;;144;7,6
PN007096_00;28mm PCO 1881;13,20;83,50;2,29;16,79;24,70;2,20;22,00;0,00;3,8;28;33;21,74;17;1;Bell;;144;7,7
PN010558_00;28mm PCO 1881;13,00;65,70;3,36;17,70;25,60;2,47;22,00;24,12;3,8;28;33;21,74;17;1;Bell;;180;9,3
PN010539_01;28mm PCO 1881;12,60;71,00;2,20;19,50;25,50;2,00;22,00;25,17;3,8;28;33;21,74;17;1;Bell;;200;7,6
PN007027_00;28mm PCO 1881;12,50;67,90;2,68;17,66;25,50;2,10;22,50;0,00;3,8;28;33;21,74;17;1;Bell;;128;9,8
PN008959_02;28mm PCO 1881;11,80;65,00;2,80;17,36;25,70;2,22;22,00;24,14;3,8;28;33;21,74;17;1;Bell;;180;8,1
PN008959_01;28mm PCO 1881;11,80;65,00;2,74;17,60;25,70;2,18;22,00;24,18;3,8;28;33;21,74;17;1;Bell;;180;8
PN008903_00;28mm PCO 1881;11,60;66,91;2,32;18,02;25,70;1,90;21,00;25,22;3,8;28;33;21,74;17;1;Bell;;180;7,7
PN008903_01;28mm PCO 1881;11,20;66,91;2,14;18,02;25,70;1,80;21,00;25,22;3,8;28;33;21,74;17;1;Bell;;180;7,6
PN008903_02;28mm PCO 1881;11,00;66,91;2,05;18,02;25,70;1,80;21,00;25,22;3,8;28;33;21,74;17;1;Bell;;180;7,6
PN009897_00;28mm PCO 1881;10,90;65,70;2,20;17,70;25,60;2,00;22,00;24,12;3,8;28;33;21,74;17;1;Bell;;180;7,6
PN009250_01;28mm PCO 1881;10,90;65,00;2,32;17,36;25,70;1,99;22,00;24,14;3,8;28;33;21,74;17;1;Bell;;180;7,6
PN009250_00;28mm PCO 1881;10,90;65,00;2,27;17,60;25,70;1,95;22,00;24,18;3,8;28;33;21,74;17;1;Bell;;180;7,6
PN008903_03;28mm PCO 1881;10,70;66,91;1,91;18,02;25,70;1,80;21,00;25,22;3,8;28;33;21,74;17;1;Bell;;180;7,6
PN007871_00;28mm PCO 1881 HF;38,00;113,00;4,00;27,80;25,00;3,20;35,00;27,77;3,8;28;31;21,74;17;1;Reverse;;48;15,5
PN007890_00;28mm PCO 1881 HF;22,00;93,00;3,21;22,80;25,00;2,57;21,00;25,00;3,8;28;31;21,74;17;1;Bell;;128;10,7
PN004072_00;28mm PCO 1881 HF;22,00;87,00;3,56;22,80;25,00;2,67;22,00;0,00;3,8;28;31;21,74;17;1;Bell;;96;12
PN007891_00;28mm PCO 1881 HF;19,50;79,00;3,59;22,60;25,00;2,87;21,00;25,00;3,8;28;31;21,74;17;1;Bell;;128;10,9
PN004068_00;28mm PCO 1881 HF;17,00;72,00;3,30;22,80;25,00;2,48;22,00;0,00;3,8;28;31;21,74;17;1;Bell;;96;10,5
PN006278_00;28mm PCO 1881 HF;12,50;70,00;2,38;19,50;25,00;2,00;22,00;0,00;3,8;28;31;21,74;17;1;Bell;;96;7,9
PN004069_00;28mm PCO 1881 HF;12,50;70,00;2,38;19,50;25,00;2,00;22,00;0,00;3,8;28;31;21,74;17;1;Bell;;96;8,2
PN008020_00;28mm PCO 1881 LIGHT;50,10;148,00;3,83;28,60;25,50;3,06;47,00;28,54;3,1;28;32;21,74;17;1;Reverse;;96;17,8
PN009947_00;28mm PCO 1881 LIGHT;35,90;136,10;3,05;26,00;25,50;2,59;34,00;25,97;3,1;28;32;21,74;17;1;Reverse;;180;13,9
PN008616_00;28mm PCO 1881 LIGHT;30,10;122,00;2,85;26,00;25,70;2,31;42,00;25,97;3,1;28;32;21,74;17;1;Reverse;;72;10,4
PN009773_00;28mm PCO 1881 LIGHT;29,50;108,00;3,26;26,40;25,50;2,28;37,00;26,38;3,1;28;32;21,74;17;1;Reverse;;144;11,5
PN009942_00;28mm PCO 1881 LIGHT;25,00;100,00;3,55;22,80;25,50;2,66;22,00;25,31;3,1;28;32;21,74;17;1;Bell;;180;13,2
PN008034_00;28mm PCO 1881 LIGHT;21,00;96,50;2,86;22,80;25,50;2,50;22,00;0,00;3,1;28;32;21,74;17;1;Bell;;144;9,2
PN008032_00;28mm PCO 1881 LIGHT;19,00;96,50;2,44;22,80;25,50;2,20;22,00;0,00;3,1;28;32;21,74;17;1;Bell;;144;8,3
PN010464_00;28mm PCO 1881 LIGHT;18,00;86,00;3,06;20,90;25,50;2,60;22,00;25,08;3,1;28;32;21,74;17;1;Bell;;96;10,2
PN010463_00;28mm PCO 1881 LIGHT;16,50;86,00;2,63;20,90;25,50;2,24;22,00;25,08;3,1;28;32;21,74;17;1;Bell;;96;8,9
PN008629_01;28mm PCO 1881 LIGHT;16,50;86,87;2,61;20,67;25,50;2,17;23,00;24,62;3,1;28;32;21,74;17;1;Bell;;128;8,9
PN007234_00;28mm PCO 1881 LIGHT;14,30;81,00;2,61;19,00;25,50;2,22;22,00;0,00;3,1;28;32;21,74;17;1;Bell;;128;10,5
PN007237_00;28mm PCO 1881 LIGHT;13,30;81,00;2,30;19,00;25,50;2,00;22,00;0,00;3,1;28;32;21,74;17;1;Bell;;128;9,9
PN010410_02;28mm PCO 1873;29,50;114,93;3,43;23,00;25,50;2,74;21,50;25,26;3,6;28;33;21,74;16,13;1;Bell;;144;12,4
PN010190_00;28mm PCO 1873;26,50;114,93;2,92;23,00;25,50;2,34;35,18;35,18;3,6;28;33;21,74;16,13;1;Bell;;96;10,7
PN008988_01;28mm PCO 1873;17,80;90,30;2,94;19,79;24,70;2,24;22,00;23,80;3,6;28;33;21,74;16,13;1;Bell;;180;9,9
PN008988_00;28mm PCO 1873;17,80;90,30;2,94;19,79;24,70;2,24;22,00;23,80;3,6;28;33;21,74;16,13;1;Bell;;180;9,9
PN005267_00;28mm PCO 1873;17,80;86,93;2,87;20,50;25,20;2,15;15,56;0,00;3,6;28;33;21,74;16,13;1;Bell;;96;10,7
PN007677_00;28mm PCO 1873;17,60;86,00;3,23;20,70;24,70;2,10;25,00;22,70;3,6;28;33;21,74;16,13;1;Bell;;128;11,9
PN007677_01;28mm PCO 1873;17,20;86,00;3,23;20,70;24,70;2,10;25,00;22,70;3,6;28;33;21,74;16,13;1;Bell;;128;11,9
PN008675_00;28mm PCO 1873;15,35;79,93;2,91;18,40;25,50;2,43;21,20;25,01;3,6;28;33;21,74;16,13;1;Bell;;96;10
PN007669_01;28mm SNAP FLANGE;39,60;126,00;3,56;28,60;24,24;2,30;35,00;28,57;2,19;28;33;21,74;12;0;Reverse;;48;14,8
PN007668_01;28mm SNAP FLANGE;22,60;108,58;2,42;25,49;24,24;1,80;34,00;25,48;2,19;28;33;21,74;12;0;Reverse;;48;9,6
PN010231_00;29/25mm SHORTY;30,60;110,00;3,90;24,13;27,70;3,12;18,00;27,30;2,35;29;32,5;25,15;12,6;3;Bell;;72;13,4
PN007072_00;29/25mm SHORTY;28,50;118,10;2,64;26,80;28,00;2,16;28,10;0,00;2,35;29;32,5;25,15;12,6;3;Bell;;128;12
PN007072_00;29/25mm SHORTY;28,50;118,10;2,64;26,80;28,00;2,16;28,10;0,00;2,35;29;32,5;25,15;12,6;3;Bell;;128;12,4
PN010139_00;29/25mm SHORTY;27,50;109,00;3,17;24,57;28,00;2,47;17,60;27,58;2,35;29;32,5;25,15;12,6;3;Bell;;72;11,9
PN005877_00;29/25mm SHORTY;26,80;115,00;2,82;25,26;27,50;2,25;17,60;0,00;2,35;29;32,5;25,15;12,6;3;Bell;;72;10,2
PN010594_00;29/25mm SHORTY;26,50;114,10;2,55;26,30;28,00;2,30;17,60;27,82;2,35;29;32,5;25,15;12,6;3;Bell;;72;9,3
PN009976_00;29/25mm SHORTY;26,50;100,00;3,65;23,67;28,00;2,92;16,60;28,00;2,35;29;32,5;25,15;12,6;3;Bell;;128;13,2
PN003538_03;29/25mm SHORTY;26,50;112,00;2,92;24,36;28,00;2,37;17,60;0,00;2,35;29;32,5;25,15;12,6;3;Bell;;96;11,2
PN010611_00;29/25mm SHORTY;26,00;111,50;2,57;26,39;28,00;2,18;17,60;27,86;2,35;29;32,5;25,15;12,6;3;Bell;;72;9,4
PN006516_00;29/25mm SHORTY;26,00;112,10;2,95;23,60;27,95;2,27;18,00;0,00;2,35;29;32,5;25,15;12,6;3;Bell;;128;10,9
PN010138_00;29/25mm SHORTY;25,00;109,00;2,77;24,57;28,00;2,30;17,60;27,58;2,35;29;32,5;25,15;12,6;3;Bell;;72;10,7
PN010592_00;29/25mm SHORTY;24,00;111,10;2,56;24,43;28,00;2,30;17,60;27,84;2,35;29;32,5;25,15;12,6;3;Bell;;72;8,8
PN009344_01;29/25mm SHORTY;24,00;100,00;3,15;23,67;28,00;2,52;16,60;28,00;2,35;29;32,5;25,15;12,6;3;Bell;;128;11,3
PN003538_01;29/25mm SHORTY;24,00;112,00;2,53;24,36;28,00;2,05;17,60;0,00;2,35;29;32,5;25,15;12,6;3;Bell;;96;10
PN003538_00;29/25mm SHORTY;24,00;112,00;2,53;24,36;28,00;2,05;17,60;0,00;2,35;29;32,5;25,15;12,6;3;Bell;;96;10
PN010610_00;29/25mm SHORTY;23,50;111,50;2,24;26,39;28,00;2,02;17,60;27,86;2,35;29;32,5;25,15;12,6;3;Bell;;72;8,4
PN010137_00;29/25mm SHORTY;22,00;109,00;2,30;24,57;28,00;2,18;17,60;27,58;2,35;29;32,5;25,15;12,6;3;Bell;;72;9,2
PN009350_01;29/25mm SHORTY;22,00;100,00;2,77;23,67;28,00;2,22;16,60;28,00;2,35;29;32,5;25,15;12,6;3;Bell;;128;10,7
PN009751_01;29/25mm SHORTY;19,80;100,00;2,53;22,50;28,00;2,20;19,60;26,90;2,35;29;32,5;25,15;12,6;3;Bell;;32;9,2
PN008125_00;29/25mm SHORTY;18,00;87,60;2,68;22,73;28,00;2,14;29,60;22,69;2,35;29;32,5;25,15;12,6;3;Bell;;72;9,2
PN005879_00;29/25mm SHORTY;17,80;96,50;2,40;22,46;27,50;1,90;17,60;0,00;2,35;29;32,5;25,15;12,6;3;Bell;;72;8,2
PN007086_00;29/25mm SHORTY;17,00;95,00;2,59;20,00;28,00;2,09;17,60;0,00;2,35;29;32,5;25,15;12,6;3;Bell;;144;8
PN008118_00;29/25mm SHORTY;16,00;95,00;2,25;20,34;28,00;1,91;17,60;27,03;2,35;29;32,5;25,15;12,6;3;Bell;;180;8
PN007069_00;29/25mm SHORTY;16,00;95,00;2,36;20,00;28,00;1,95;17,60;0,00;2,35;29;32,5;25,15;12,6;3;Bell;;144;7,5
PN007085_00;29/25mm SHORTY;15,00;95,00;2,13;20,00;28,00;1,90;17,60;0,00;2,35;29;32,5;25,15;12,6;3;Bell;;144;7,2
PN008791_00;29/25mm SHORTY;14,50;88,45;2,36;18,94;28,00;2,01;18,00;27,64;2,35;29;32,5;25,15;12,6;3;Bell;;144;7,6
PN008920_01;29/25mm SHORTY;13,55;80,85;2,47;18,15;28,00;2,29;17,60;26,51;2,35;29;32,5;25,15;12,6;3;Bell;;180;7,7
PN009551_01;29/25mm SHORTY;13,50;81,10;2,38;19,00;28,00;2,05;27,70;26,65;2,35;29;32,5;25,15;12,6;3;Bell;;128;7,7
PN009551_01;29/25mm SHORTY;13,50;81,10;2,38;19,00;28,00;2,05;27,70;26,65;2,35;29;32,5;25,15;12,6;3;Bell;;128;7,7
PN008920_00;29/25mm SHORTY;13,50;80,70;2,49;17,90;28,00;2,10;17,60;26,47;2,35;29;32,5;25,15;12,6;3;Bell;;180;7,7
PN009091_00;29/25mm SHORTY;13,25;80,85;2,47;18,15;28,00;2,29;17,60;26,51;2,35;29;32,5;25,15;12,6;3;Bell;;180;7,6
PN008116_00;29/25mm SHORTY;12,70;85,60;2,08;18,40;28,00;1,87;17,60;26,81;2,35;29;32,5;25,15;12,6;3;Bell;;180;7
PN008919_01;29/25mm SHORTY;12,55;80,85;2,17;18,15;28,00;2,01;17,60;26,51;2,35;29;32,5;25,15;12,6;3;Bell;;180;7,2
PN010469_00;29/25mm SHORTY;12,50;81,10;2,16;18,59;27,95;2,00;16,65;27,06;2,35;29;32,5;25,15;12,6;3;Bell;;96;7,2
PN009165_00;29/25mm SHORTY;12,50;81,10;2,16;18,50;28,00;2,00;17,60;26,22;2,35;29;32,5;25,15;12,6;3;Bell;;180;7,2
PN008919_00;29/25mm SHORTY;12,50;80,70;2,18;17,90;28,00;1,90;17,60;26,47;2,35;29;32,5;25,15;12,6;3;Bell;;180;7,2
PN006476_00;29/25mm SHORTY;12,50;81,10;2,16;18,59;28,00;2,00;18,00;0,00;2,35;29;32,5;25,15;12,6;3;Bell;;128;7,2
PN003535_03;29/25mm SHORTY;12,50;74,50;2,80;17,29;28,00;2,38;17,60;0,00;2,35;29;32,5;25,15;12,6;3;Bell;;96;9,1
PN009244_00;29/25mm SHORTY;12,48;81,10;2,14;18,59;28,00;2,00;17,50;26,35;2,35;29;32,5;25,15;12,6;3;Bell;;180;7,6
PN009087_00;29/25mm SHORTY;12,25;80,85;2,17;18,15;28,00;2,01;17,60;26,51;2,35;29;32,5;25,15;12,6;3;Bell;;180;7,1
PN009553_00;29/25mm SHORTY;12,20;81,10;2,00;19,00;28,00;1,95;27,70;26,65;2,35;29;32,5;25,15;12,6;3;Bell;;128;7,5
PN009553_00;29/25mm SHORTY;12,20;81,10;2,00;19,00;28,00;1,95;27,70;26,65;2,35;29;32,5;25,15;12,6;3;Bell;;128;7,5
PN009166_00;29/25mm SHORTY;12,20;81,10;2,16;18,50;28,00;2,00;17,60;26,22;2,35;29;32,5;25,15;12,6;3;Bell;;180;7,1
PN010614_00;29/25mm SHORTY;12,00;77,10;2,08;19,30;28,00;1,98;18,60;26,17;2,35;29;32,5;25,15;12,6;3;Bell;;72;7,1
PN010605_00;29/25mm SHORTY;12,00;77,10;2,32;18,00;28,00;2,05;18,60;25,89;2,35;29;32,5;25,15;12,6;3;Bell;;72;7,3
PN008217_02;29/25mm SHORTY;11,90;76,80;2,07;19,50;28,00;1,85;17,00;27,46;2,35;29;32,5;25,15;12,6;3;Bell;;128;6,9
PN010300_03;29/25mm SHORTY;11,80;76,70;1,89;20,30;28,00;1,80;18,10;26,08;2,35;29;32,5;25,15;12,6;3;Bell;;128;6,7
PN010300_03;29/25mm SHORTY;11,80;76,70;1,89;20,30;28,00;1,80;18,10;26,08;2,35;29;32,5;25,15;12,6;3;Bell;;128;6,7
PN008918_01;29/25mm SHORTY;11,55;80,85;1,88;18,15;28,00;1,74;17,60;26,51;2,35;29;32,5;25,15;12,6;3;Bell;;180;6,8
PN010285_01;29/25mm SHORTY;11,50;71,30;2,55;18,19;27,70;2,04;17,60;25,44;2,35;29;32,5;25,15;12,6;3;Bell;;128;7,2
PN010300_00;29/25mm SHORTY;11,50;76,70;1,84;20,30;28,00;1,80;18,10;26,08;2,35;29;32,5;25,15;12,6;3;Bell;;128;6,5
PN009142_02;29/25mm SHORTY;11,50;78,00;2,14;18,00;27,60;1,84;17,60;26,11;2,35;29;32,5;25,15;12,6;3;Bell;;96;7,1
PN009160_00;29/25mm SHORTY;11,50;81,10;1,88;18,50;28,00;1,74;17,60;26,22;2,35;29;32,5;25,15;12,6;3;Bell;;180;6,8
PN008918_00;29/25mm SHORTY;11,50;80,70;1,88;17,90;28,00;1,75;17,60;26,46;2,35;29;32,5;25,15;12,6;3;Bell;;180;6,8
PN008216_02;29/25mm SHORTY;11,30;76,80;1,89;19,50;28,00;1,77;17,00;27,46;2,35;29;32,5;25,15;12,6;3;Bell;;128;6,7
PN009080_00;29/25mm SHORTY;11,25;80,85;1,88;18,15;28,00;1,74;17,60;26,51;2,35;29;32,5;25,15;12,6;3;Bell;;180;6,7
PN009162_00;29/25mm SHORTY;11,20;81,10;1,88;18,50;28,00;1,74;17,60;26,22;2,35;29;32,5;25,15;12,6;3;Bell;;180;6,7
PN007340_00;29/25mm SHORTY;10,91;77,50;2,02;18,30;27,70;1,95;20,00;25,53;2,35;29;32,5;25,15;12,6;3;Bell;;128;8
PN008215_02;29/25mm SHORTY;10,80;76,80;1,74;19,50;28,00;1,71;17,00;27,46;2,35;29;32,5;25,15;12,6;3;Bell;;128;6,4
PN003535_01;29/25mm SHORTY;10,50;74,50;2,00;17,29;28,00;1,90;17,60;0,00;2,35;29;32,5;25,15;12,6;3;Bell;;96;7,5
PN003535_00;29/25mm SHORTY;10,50;74,50;2,00;17,29;28,00;1,90;17,60;0,00;2,35;29;32,5;25,15;12,6;3;Bell;;96;7,5
PN008214_04;29/25mm SHORTY;10,40;72,00;1,87;18,70;28,00;1,74;17,00;27,46;2,35;29;32,5;25,15;12,6;3;Bell;;128;6,4
PN008275_00;29/25mm SHORTY;10,40;71,00;2,10;17,55;28,00;1,93;19,10;25,19;2,35;29;32,5;25,15;12,6;3;Bell;;128;6,7
PN010285_00;29/25mm SHORTY;10,00;67,00;2,12;17,68;28,00;1,95;17,60;25,57;2,35;29;32,5;25,15;12,6;3;Bell;;128;6,9
PN008975_00;29/25mm SHORTY;10,00;70,10;2,18;16,73;28,00;1,96;17,50;26,96;2,35;29;32,5;25,15;12,6;3;Bell;;180;6,6
PN007044_00;29/25mm SHORTY;10,00;72,00;1,90;17,30;28,00;1,80;17,60;0,00;2,35;29;32,5;25,15;12,6;3;Bell;;180;6,5
PN007043_00;29/25mm SHORTY;10,00;68,00;2,17;16,80;28,00;1,80;17,50;0,00;2,35;29;32,5;25,15;12,6;3;Bell;;180;6,7
PN008273_00;29/25mm SHORTY;9,90;71,00;1,91;17,55;28,00;1,81;19,10;25,19;2,35;29;32,5;25,15;12,6;3;Bell;;128;6,3
PN008097_00;29/25mm SHORTY;9,80;72,00;1,80;18,00;27,80;1,80;17,50;0,00;2,35;29;32,5;25,15;12,6;3;Bell;;180;6,3
PN007044_01;29/25mm SHORTY;9,80;71,00;1,87;17,30;28,00;1,80;17,60;0,00;2,35;29;32,5;25,15;12,6;3;Bell;;180;6,5
PN007043_01;29/25mm SHORTY;9,80;68,00;2,09;16,80;28,00;1,73;17,50;0,00;2,35;29;32,5;25,15;12,6;3;Bell;;180;6,8
PN008974_00;29/25mm SHORTY;9,70;70,10;1,93;16,73;28,00;1,78;17,50;26,96;2,35;29;32,5;25,15;12,6;3;Bell;;180;6,5
PN010468_00;29/25mm SHORTY;9,50;68,40;1,80;17,90;27,95;1,73;16,65;27,06;2,35;29;32,5;25,15;12,6;3;Bell;;96;6,7
PN006515_00;29/25mm SHORTY;9,50;68,40;1,80;17,90;27,95;1,73;18,00;0,00;2,35;29;32,5;25,15;12,6;3;Bell;;128;6,4
PN010151_00;29/25mm SHORTY;9,40;70,10;1,93;16,73;28,00;1,78;17,50;26,96;2,35;29;32,5;25,15;12,6;3;Bell;;180;7,5
PN008976_00;29/25mm SHORTY;9,40;70,10;1,93;16,73;28,00;1,78;17,50;26,96;2,35;29;32,5;25,15;12,6;3;Bell;;180;6,4
PN008221_03;29/25mm SHORTY;9,30;68,00;1,85;17,07;28,00;1,76;17,00;27,46;2,35;29;32,5;25,15;12,6;3;Bell;;128;6,3
PN008271_00;29/25mm SHORTY;9,30;71,00;1,70;17,55;28,00;1,70;19,10;25,19;2,35;29;32,5;25,15;12,6;3;Bell;;128;6,1
PN007811_00;29/25mm SHORTY;9,30;70,00;1,76;17,50;27,50;1,76;27,60;0,00;2,35;29;32,5;25,15;12,6;3;Bell;;128;8
PN008916_00;29/25mm SHORTY;9,10;68,00;1,94;15,50;28,00;1,80;17,60;25,78;2,35;29;32,5;25,15;12,6;3;Bell;;180;6,4
PN006922_01;29/25mm SHORTY;9,10;68,00;1,80;16,80;28,00;1,80;17,50;0,00;2,35;29;32,5;25,15;12,6;3;Bell;;180;6,5
PN006922_00;29/25mm SHORTY;9,10;70,00;1,85;16,80;27,40;1,80;16,20;0,00;2,35;29;32,5;25,15;12,6;3;Bell;;180;6,3
PN010466_00;29/25mm SHORTY;9,00;65,00;1,80;17,40;28,00;1,80;17,60;26,23;2,35;29;32,5;25,15;12,6;3;Bell;;144;6,4
PN008220_00;29/25mm SHORTY;9,00;65,00;1,96;17,50;27,50;1,80;17,60;26,59;2,35;29;32,5;25,15;12,6;3;Bell;;128;6,5
PN007826_00;29/25mm SHORTY;9,00;70,00;1,76;17,50;27,50;1,76;27,60;24,38;2,35;29;32,5;25,15;12,6;3;Bell;;128;8
PN006311_00;29/25mm SHORTY;9,00;66,20;1,76;17,60;28,00;1,76;17,60;0,00;2,35;29;32,5;25,15;12,6;3;Bell;;144;6,7
PN008268_02;29/25mm SHORTY;8,90;68,00;1,69;16,80;28,00;1,69;17,00;27,46;2,35;29;32,5;25,15;12,6;3;Bell;;128;6,1
PN008917_01;29/25mm SHORTY;8,80;68,00;1,94;15,50;28,00;1,80;17,60;25,78;2,35;29;32,5;25,15;12,6;3;Bell;;180;6,3
PN010327_01;29/25mm SHORTY;8,60;70,00;1,72;16,81;27,40;1,72;16,60;26,29;2,35;29;32,5;25,15;12,6;3;Bell;;200;6
PN008915_01;29/25mm SHORTY;8,55;68,00;1,68;15,50;28,00;1,68;17,60;25,78;2,35;29;32,5;25,15;12,6;3;Bell;;180;6,2
PN008915_00;29/25mm SHORTY;8,50;68,00;1,66;15,50;28,00;1,66;17,60;25,78;2,35;29;32,5;25,15;12,6;3;Bell;;180;6,2
PN008219_00;29/25mm SHORTY;8,50;65,00;1,75;17,50;27,50;1,75;17,60;26,59;2,35;29;32,5;25,15;12,6;3;Bell;;128;6,1
PN008914_01;29/25mm SHORTY;8,25;68,00;1,68;15,50;28,00;1,68;17,60;25,78;2,35;29;32,5;25,15;12,6;3;Bell;;180;6,1
PN008914_00;29/25mm SHORTY;8,20;68,00;1,66;15,50;28,00;1,66;17,60;25,78;2,35;29;32,5;25,15;12,6;3;Bell;;180;6,1
PN008267_00;29/25mm SHORTY;8,00;56,00;1,94;16,60;28,00;1,84;19,10;24,94;2,35;29;32,5;25,15;12,6;3;Bell;;128;6,2
PN007075_00;29/25mm SHORTY;7,90;59,50;1,68;16,80;28,00;1,68;18,00;0,00;2,35;29;32,5;25,15;12,6;3;Bell;;180;6,3
PN006915_02;29/25mm SHORTY;7,90;58,00;1,81;16,20;28,00;1,81;18,00;0,00;2,35;29;32,5;25,15;12,6;3;Bell;;180;6,4
PN009158_00;29/25mm SHORTY;7,75;60,57;1,65;16,55;28,00;1,65;16,10;26,72;2,35;29;32,5;25,15;12,6;3;Bell;;180;6,2
PN008270_00;29/25mm SHORTY;7,50;56,00;1,68;16,60;28,00;1,68;19,10;24,94;2,35;29;32,5;25,15;12,6;3;Bell;;128;6
PN008099_00;29/25mm SHORTY;7,50;53,50;2,02;16,36;27,80;1,95;17,20;0,00;2,35;29;32,5;25,15;12,6;3;Bell;;180;6,1
PN007533_00;29/25mm SHORTY;7,50;58,00;1,72;16,47;27,40;1,72;17,50;0,00;2,35;29;32,5;25,15;12,6;3;Bell;;180;6,2
PN006915_01;29/25mm SHORTY;7,50;58,00;1,62;16,20;28,00;1,62;18,00;0,00;2,35;29;32,5;25,15;12,6;3;Bell;;180;6,2
PN006915_00;29/25mm SHORTY;7,50;61,50;1,63;16,40;27,40;1,63;16,20;0,00;2,35;29;32,5;25,15;12,6;3;Bell;;180;5,9
PN009159_00;29/25mm SHORTY;7,45;60,57;1,65;16,55;28,00;1,65;16,10;26,72;2,35;29;32,5;25,15;12,6;3;Bell;;180;5,9
PN010326_00;29/25mm SHORTY;7,30;58,10;1,81;16,28;27,40;1,80;16,10;27,40;2,35;29;32,5;25,15;12,6;3;Bell;;200;6,1
PN008911_01;29/25mm SHORTY;7,25;52,00;1,93;16,80;28,00;1,73;16,10;26,88;2,35;29;32,5;25,15;12,6;3;Bell;;180;6,2
PN008115_00;29/25mm SHORTY;7,20;58,00;1,72;16,47;27,40;1,72;17,50;25,77;2,35;29;32,5;25,15;12,6;3;Bell;;180;5,8
PN008910_01;29/25mm SHORTY;6,80;52,00;1,65;16,80;28,00;1,65;16,10;26,88;2,35;29;32,5;25,15;12,6;3;Bell;;180;5,9
PN008910_00;29/25mm SHORTY;6,80;52,00;1,65;16,80;28,00;1,65;16,10;26,88;2,35;29;32,5;25,15;12,6;3;Bell;;180;5,9
PN008101_00;29/25mm SHORTY;6,80;53,50;1,62;16,36;27,80;1,62;17,20;0,00;2,35;29;32,5;25,15;12,6;3;Bell;;180;5,9
PN010426_00;29/25mm SHORTY;6,60;51,40;1,76;16,85;27,50;1,76;16,60;25,46;2,35;29;32,5;25,15;12,6;3;Bell;;96;6,1
PN008996_00;29/25mm SHORTY;6,50;53,50;1,60;16,47;27,40;1,60;16,80;25,99;2,35;29;32,5;25,15;12,6;3;Bell;;180;5,9
PN009268_01;29mm Oil;24,50;107,00;2,80;24,00;24,00;2,38;32,00;23,76;2,65;29;30,7;23,4;10,4;0;Straight;;128;10,9
PN009268_00;29mm Oil;24,50;100,60;3,08;24,00;24,00;2,46;32,00;23,76;2,65;29;30,7;23,4;10,4;0;Straight;;128;11,9
PN009279_00;29mm Oil;19,00;92,70;2,40;24,00;24,00;2,04;32,00;23,76;2,65;29;30,7;23,4;10,4;0;Straight;;128;9,2
PN007654_00;30/25mm LIGHT;29,00;124,00;2,87;24,70;28,00;2,29;24,50;27,53;3,2;30;34;25,1;18,5;3;Bell;;128;10,9
PN007662_00;30/25mm LIGHT;28,50;124,00;2,80;24,70;28,00;2,24;24,50;27,53;3,2;30;34;25,1;18,5;3;Bell;;128;10,8
PN007071_00;30/25mm LIGHT;26,70;117,00;2,52;26,80;28,00;2,07;23,50;0,00;3,2;30;34;25,1;18,5;3;Bell;;128;12,2
PN010435_01;30/25mm LIGHT;17,30;95,20;2,47;20,95;28,00;2,03;23,50;27,15;3,2;30;34;25,1;18,5;3;Bell;;96;7,7
PN008140_02;30/25mm LIGHT;14,30;87,00;2,38;19,00;28,00;2,05;24,00;26,65;3,2;30;34;25,1;18,5;3;Bell;;128;8
PN004043_00;30/25mm LIGHT;14,30;84,00;2,31;20,80;28,00;2,08;24,50;0,00;3,2;30;34;25,1;18,5;3;Bell;;144;9,5
PN007108_00;32mm 2 LEADS;52,00;143,00;3,79;30,50;29,50;2,92;43,00;0,00;3,3;32;35,7;27;14,9;2;Reverse;;96;18,1
PN006481_00;32mm 2 LEADS;44,00;143,00;3,03;30,50;29,50;2,39;43,00;0,00;3,3;32;35,7;27;14,9;2;Reverse;;96;14,5
PN008493_00;32mm 2 LEADS;25,00;100,00;2,97;25,00;29,00;2,38;19,90;28,23;3,3;32;35,7;27;14,9;2;Bell;;96;10,9
PN007943_00;32mm 2 LEADS;24,00;91,00;3,50;23,60;29,00;2,90;21,00;0,00;3,3;32;35,7;27;14,9;2;Bell;;96;13,9
PN009507_00;32mm 2 LEADS;21,50;81,90;4,37;20,39;29,00;3,28;21,91;26,53;3,3;32;35,7;27;14,9;2;Bell;;128;16,5
PN008494_00;32mm 2 LEADS;19,00;85,00;2,75;23,50;29,00;2,20;19,90;27,94;3,3;32;35,7;27;14,9;2;Bell;;96;9,5
PN008290_02;32mm 2 LEADS;17,00;81,90;2,89;20,39;29,00;2,31;21,91;26,53;3,3;32;35,7;27;14,9;2;Bell;;128;10,9
PN008336_01;32mm 2 LEADS;14,50;81,00;2,17;19,50;29,00;2,05;21,91;26,53;3,3;32;35,7;27;14,9;2;Bell;;128;8,9
PN009220_00;38mm;52,00;125,10;3,42;37,00;37,00;3,19;21,50;36,99;4,19;38;42;33,4;16,5;3;Straight;;128;15,9
PN010583_00;38mm;48,00;125,10;3,07;37,00;37,00;2,86;21,50;36,99;4,19;38;42;33,4;16,5;3;Straight;;128;15,7
PN005627_01;38mm 2 LEADS;86,00;138,00;6,55;37,94;34,50;3,93;51,69;0,00;4,4;38;41;32,4;17,2;2;Reverse;;48;50
PN005250_04;38mm 2 LEADS;60,30;94,08;8,36;36,09;34,50;4,12;40,58;0,00;4,4;38;41;32,4;17,2;2;Reverse;;48;50
PN004503_00;38mm 2 LEADS;38,00;125,00;3,41;26,50;36,00;2,90;22,20;0,00;4,4;38;41;32,4;17,2;2;Bell;;96;15,5
PN004331_01;38mm 2 LEADS;24,00;90,00;2,80;23,30;34,50;2,24;23,00;0,00;4,4;38;41;32,4;17,2;2;Bell;;96;10,8
PN004331_00;38mm 2 LEADS;22,00;85,00;2,24;21,84;34,50;2,24;23,00;0,00;4,4;38;41;32,4;17,2;2;Bell;;96;10,6
PN004003_01;38mm 3 LEADS;30,00;110,21;2,88;25,89;36,50;2,31;21,57;0,00;4,4;38;43;33,4;16,5;3;Bell;;96;12,2
PN004003_00;38mm 3 LEADS;30,00;110,21;2,88;25,89;36,50;2,31;21,57;0,00;4,4;38;43;33,4;16,5;3;Bell;;96;12,2
PN004000_01;38mm 3 LEADS;18,10;74,07;3,28;20,18;36,50;2,67;21,57;0,00;4,4;38;43;33,4;16,5;3;Bell;;96;11,9
PN004000_00;38mm 3 LEADS;18,10;74,07;3,28;20,18;36,50;2,67;21,57;0,00;4,4;38;43;33,4;16,5;3;Bell;;96;11,9
PN005706_00;38mm 3 LEADS;16,00;71,13;2,37;22,55;36,50;2,20;21,50;0,00;4,4;38;43;33,4;16,5;3;Bell;;96;7,5
PN005707_00;38mm 3 LEADS;14,20;71,13;1,95;22,55;36,50;1,95;21,50;0,00;4,4;38;43;33,4;16,5;3;Bell;;96;7,2
PN005874_01;38mm 3 LEADS - BC VENTED;50,00;111,00;3,96;28,00;36,60;2,99;37,00;0,00;4,16;38;41;33,42;16,5;3;Bell;;96;17,2
PN005874_00;38mm 3 LEADS - BC VENTED;48,00;111,00;3,77;28,00;36,60;2,87;37,00;0,00;4,16;38;41;33,42;16,5;3;Bell;;96;16,5
PN005873_01;38mm 3 LEADS - BC VENTED;38,00;108,00;4,00;28,00;36,00;3,00;22,27;0,00;4,16;38;41;33,42;16,5;3;Bell;;96;16,1
PN005873_02;38mm 3 LEADS - BC VENTED;36,00;108,00;3,70;28,00;36,00;2,81;22,27;0,00;4,16;38;41;33,42;16,5;3;Bell;;96;14,9
PN005873_00;38mm 3 LEADS - BC VENTED;36,00;108,00;3,70;28,00;36,00;2,81;22,27;0,00;4,16;38;41;33,42;16,5;3;Bell;;96;14,9
PN006345_01;38mm 3 LEADS - BC VENTED;34,00;96,00;3,74;30,00;36,00;2,80;22,50;0,00;4,16;38;41;33,42;16,5;3;Bell;;96;14,8
PN006345_00;38mm 3 LEADS - BC VENTED;34,00;96,00;3,74;30,00;36,00;2,81;22,50;0,00;4,16;38;41;33,42;16,5;3;Bell;;96;14,8
PN006349_01;38mm 3 LEADS - BC VENTED;33,00;96,00;3,58;30,00;36,00;2,68;22,50;0,00;4,16;38;41;33,42;16,5;3;Bell;;96;14,3
PN006349_00;38mm 3 LEADS - BC VENTED;33,00;96,00;3,58;30,00;36,00;2,68;22,50;0,00;4,16;38;41;33,42;16,5;3;Bell;;96;14,3
PN006350_01;38mm 3 LEADS - BC VENTED;32,00;96,00;3,41;30,00;36,00;2,56;22,50;0,00;4,16;38;41;33,42;16,5;3;Bell;;96;13,8
PN006350_00;38mm 3 LEADS - BC VENTED;32,00;96,00;3,42;30,00;36,00;2,56;22,50;0,00;4,16;38;41;33,42;16,5;3;Bell;;96;13,8
PN005872_01;38mm 3 LEADS - BC VENTED;32,00;108,00;3,11;28,00;36,00;2,43;22,27;0,00;4,16;38;41;33,42;16,5;3;Bell;;96;11,1
PN006351_01;38mm 3 LEADS - BC VENTED;31,00;96,00;3,26;30,00;36,00;2,44;22,50;0,00;4,16;38;41;33,42;16,5;3;Bell;;96;12,5
PN006351_00;38mm 3 LEADS - BC VENTED;30,00;96,00;3,11;30,00;36,00;2,33;22,50;0,00;4,16;38;41;33,42;16,5;3;Bell;;96;12,5
PN005872_00;38mm 3 LEADS - BC VENTED;30,00;108,00;2,83;28,00;36,00;2,23;22,27;0,00;4,16;38;41;33,42;16,5;3;Bell;;96;10,2
PN005778_00;38mm 3 LEADS - BC VENTED;15,90;67,50;3,18;20,41;36,50;2,23;22,27;0,00;4,16;38;41;33,42;16,5;3;Bell;;72;9,2
PN005788_00;38mm 3 LEADS - BC VENTED;13,90;67,50;2,28;20,41;36,50;2,05;22,27;0,00;4,16;38;41;33,42;16,5;3;Bell;;72;7,5
PN005841_00;38mm 3 LEADS - BC VENTED;13,40;67,50;2,15;20,41;36,50;2,05;22,27;0,00;4,16;38;41;33,42;16,5;3;Bell;;72;7,3
PN007740_00;38mm BERICAP h.17,5;73,00;156,00;3,66;38,80;36,80;2,93;42,00;38,78;4,55;38;41;32,4;17,5;3;Reverse;;72;17,5
PN007684_00;38mm BERICAP h.17,5;70,00;156,00;3,46;38,80;36,80;2,77;42,00;38,78;4,55;38;41;32,4;17,5;3;Reverse;;72;16,9
PN008232_00;38mm BERICAP h.17,5;30,00;109,50;3,15;25,50;35,50;2,27;23,50;34,65;4,55;38;41;32,4;17,5;2;Bell;;48;11,8
PN008236_00;38mm BERICAP h.17,5;16,00;65,00;3,48;20,20;35,50;2,78;24,50;33,02;4,55;38;41;32,4;17,5;2;Bell;;72;9,5
PN008235_00;38mm BERICAP h.17,5;13,50;65,00;2,30;20,20;35,50;1,84;24,50;33,02;4,55;38;41;32,4;17,5;2;Bell;;72;7,7
PN010117_01;38mm BERICAP h.16,5;75,00;155,00;3,87;39,25;37,20;3,02;42,50;39,23;4,4;38;43;33,4;16,5;3;Reverse;;48;17,5
PN010117_00;38mm BERICAP h.16,5;75,00;155,00;3,87;39,25;37,20;3,02;42,50;39,23;4,4;38;43;33,4;16,5;3;Reverse;;48;17,5
PN005650_00;38mm BERICAP h.16,5;72,00;150,00;3,72;39,80;37,20;2,98;40,00;0,00;4,4;38;43;33,4;16,5;3;Reverse;;48;18,9
PN008592_00;38mm BERICAP h.16,5;67,00;140,00;3,71;40,00;37,00;2,96;42,50;39,97;4,4;38;43;33,4;16,5;3;Reverse;;32;17,7
PN010113_01;38mm BERICAP h.16,5;64,00;155,00;3,14;39,25;37,20;2,45;42,50;39,23;4,4;38;43;33,4;16,5;3;Reverse;;48;15,4
PN010113_00;38mm BERICAP h.16,5;64,00;155,00;3,14;39,25;37,20;2,45;42,50;39,23;4,4;38;43;33,4;16,5;3;Reverse;;48;15,4
PN010411_00;38mm BERICAP h.16,5;44,00;123,00;3,73;29,50;36,00;2,98;23,00;34,56;4,4;38;43;33,4;16,5;3;Bell;160;48;17,5
PN010405_00;38mm BERICAP h.16,5;34,00;123,00;2,60;29,50;36,00;2,21;23,00;34,56;4,4;38;43;33,4;16,5;3;Bell;160;48;14
PN010412_00;38mm BERICAP h.16,5;32,00;115,70;2,60;29,50;36,00;2,21;23,00;34,56;4,4;38;43;33,4;16,5;3;Bell;160;48;13,8
PN008636_00;38mm BERICAP h.16,5;32,00;104,00;3,93;25,20;36,00;2,95;20,80;36,00;4,4;38;43;33,4;16,5;3;Bell;;72;14,5
PN008633_00;38mm BERICAP h.16,5;29,00;104,00;3,35;25,20;36,00;2,68;20,80;36,00;4,4;38;43;33,4;16,5;3;Bell;;72;11,9
PN008635_00;38mm BERICAP h.16,5;26,50;104,00;2,91;25,20;36,00;2,33;20,80;36,00;4,4;38;43;33,4;16,5;3;Bell;;72;10,9
PN010147_01;38mm BERICAP h.16,5;20,00;76,00;3,35;22,40;35,50;2,95;21,00;35,17;4,4;38;43;33,4;16,5;3;Bell;160;32;13,5
PN008759_00;38mm NECK FINISH;35,00;110,00;3,91;25,00;35,00;2,74;18,00;33,57;3,95;38;41,1;31,3;12;1;Bell;;72;14,9
PN008760_00;38mm NECK FINISH;32,00;110,00;3,22;25,00;35,00;2,25;18,00;33,57;3,95;38;41,1;31,3;12;1;Bell;;72;13
PN010100_00;38mm NECK FINISH;30,00;98,75;3,15;27,90;34,80;2,72;17,00;34,80;3,95;38;41,1;31,3;12;1;Bell;;48;11,7
PN008766_00;38mm NECK FINISH;28,00;96,00;3,21;25,00;35,00;2,25;18,00;33,57;3,95;38;41,1;31,3;12;1;Bell;;72;12,2
PN006957_00;43mm SINGLE THREAD;90,00;158,50;4,45;41,00;38,50;2,71;44,00;0,00;4,9;43;44,5;37,8;16,9;1;Reverse;;32;24,5
PN006982_00;43mm SINGLE THREAD;60,00;137,00;3,29;40,50;40,50;2,28;21,90;0,00;4,9;43;44,5;37,8;16,9;1;Straight;;32;15,9
PN006541_01;43mm SINGLE THREAD;60,00;137,00;3,29;40,50;40,50;2,28;21,90;0,00;4,9;43;44,5;37,8;16,9;1;Straight;;32;15,9
PN006541_00;43mm SINGLE THREAD;60,00;137,00;3,26;40,50;40,50;2,61;21,90;0,00;4,9;43;44,5;37,8;16,9;1;Straight;;32;15,9
PN006412_00;43mm SINGLE THREAD;50,00;124,40;3,45;35,00;40,50;2,97;21,90;0,00;4,9;43;44,5;37,8;16,9;1;Bell;;32;14,5
PN008124_00;45mm 3 LEADS;90,00;150,00;3,82;47,39;45,40;2,79;48,00;47,34;10,1;45;51,4;40,16;26;3;Reverse;;48;18,9
PN008059_00;45mm 3 LEADS;73,00;140,00;3,31;46,40;44,20;2,70;46,50;0,00;10,1;45;51,4;40,16;26;3;Reverse;;48;16,7
PN006554_00;46mm FOR PUSH CAP;99,70;148,95;4,30;46,83;44,00;3,17;52,00;0,00;9,36;46;51,99;38,85;16,1;0;Reverse;;72;25,5
PN009898_02;48mm BERICAP 3 LEADS;120,00;160,00;4,98;48,00;44,70;3,99;45,00;47,90;9,1;48;51,6;41,1;19,5;3;Reverse;;32;29,5
PN009898_02;48mm BERICAP 3 LEADS;120,00;160,00;4,98;48,00;44,70;3,99;45,00;47,90;9,1;48;51,6;41,1;19,5;3;Reverse;;24;29,5
PN009899_02;48mm BERICAP 3 LEADS;118,00;190,00;4,24;48,01;44,70;3,05;45,00;47,94;9,1;48;51,6;41,1;19,5;3;Reverse;;24;25,9
PN010135_01;48mm BERICAP 3 LEADS;105,00;160,00;4,22;48,00;44,70;3,38;45,00;47,90;9,1;48;51,6;41,1;19,5;3;Reverse;;24;26
PN010135_00;48mm BERICAP 3 LEADS;105,00;150,00;4,68;46,00;44,50;3,93;42,00;45,96;9,1;48;51,6;41,1;19,5;3;Reverse;;24;26
PN007470_00;48mm BERICAP 3 LEADS;90,00;144,56;4,05;46,60;44,80;2,84;43,00;46,55;9,1;48;51,6;41,1;19,5;3;Reverse;;32;20,7
PN009898_01;48mm BERICAP 3 LEADS;78,00;150,00;3,15;46,00;44,50;2,68;42,00;45,96;9,1;48;51,6;41,1;19,5;3;Reverse;;24;16,9
PN006764_00;50mm SINGLE THREAD;682,70;381,60;10,00;61,28;50,50;7,00;94,00;0,00;50,1;50;65,73;42;44,06;1;Reverse;;12;125
PN005136_03;50mm SINGLE THREAD;682,70;320,00;12,00;65,29;50,50;8,40;94,00;0,00;50,1;50;65,73;42;44,06;1;Reverse;;2;82
PN006765_00;50mm SINGLE THREAD;632,80;356,04;10,00;61,28;50,50;7,00;94,00;0,00;50,1;50;65,73;42;44,06;1;Reverse;;12;120
PN005136_04;50mm SINGLE THREAD;632,80;300,00;12,00;65,29;50,50;8,40;94,00;0,00;50,1;50;65,73;42;44,06;1;Reverse;;2;80
PN007722_00;55mm FOR PUSH CAP h.35,4;650,00;375,00;9,38;65,34;52,80;7,95;98,00;65,25;22,16;55;54,4;48;35,38;0;Reverse;;2;105
PN010012_01;63mm 3 LEADS;480,00;265,26;8,03;69,73;64,00;5,70;60,00;69,64;23,8;63;75;54,2;22;3;Reverse;;12;69
PN010450_00;63mm 3 LEADS;479,74;260,00;8,39;68,60;64,00;5,00;72,00;68,56;23,8;63;75;54,2;22;3;Reverse;;12;74
PN009992_00;63mm 4 LEADS;30,00;64,00;3,08;56,00;56,00;2,30;12,40;62,00;7,4;63;62;54,5;13;4;Straight;;32;16,3
PN010012_00;63mm SINGLE LEAD;480,00;270,00;8,03;69,26;64,00;5,70;71,00;69,17;38,2;63;75;53,8;33;1;Reverse;;12;69
PN006335_00;70mm 2 LEADS;26,50;60,05;3,00;64,74;64,74;1,90;12,91;0,00;7;70;69,04;63,63;13,16;2;Straight;;32;10,9
PN006335_00;70mm 2 LEADS;26,50;60,05;3,00;64,74;64,74;1,90;12,91;0,00;7;70;69,04;63,63;13,16;2;Straight;;32;10,9
PN006335_00;70mm 2 LEADS;26,50;60,05;3,00;64,74;64,74;1,90;12,91;0,00;7;70;69,04;63,63;13,16;2;Straight;;32;10,9
PN006716_02;70mm 2 LEADS;25,20;55,00;3,20;64,72;64,72;2,00;12,91;0,00;7;70;69,04;63,63;13,16;2;Straight;;32;13,9
PN006743_00;70mm 2 LEADS;25,20;50,80;3,10;64,72;64,72;2,39;12,91;0,00;7;70;69,04;63,63;13,16;2;Straight;;32;13,6
PN006720_00;70mm 2 LEADS;25,20;50,80;3,02;64,72;64,72;2,00;12,91;0,00;7;70;69,04;63,63;13,16;2;Straight;;32;13,9
PN006719_00;70mm 2 LEADS;25,20;55,00;2,90;64,72;64,72;2,00;12,91;0,00;7;70;69,04;63,63;13,16;2;Straight;;32;13,7
PN006465_00;70mm 2 LEADS;25,20;55,00;3,50;64,72;64,72;2,00;12,91;0,00;7;70;69,04;63,63;13,16;2;Straight;;32;12,5
PN004380_00;77mm;300,00;225,00;5,04;77,50;74,00;4,29;46,00;0,00;19,4;77;80,8;70;22,6;1;Reverse;;16;44,7
PN006540_00;83mm;46,00;73,00;3,70;77,57;77,57;2,05;16,89;0,00;10,8;83;82,55;76,5;17,14;1;Straight;;24;17,2
PN006333_00;83mm;46,00;74,00;3,25;58,61;77,74;1,90;12,91;0,00;10,8;83;82,55;76,5;17,14;2;Bell;;24;12,8
PN006330_01;89mm;58,50;84,00;3,66;58,00;83,74;2,13;12,91;0,00;9,4;89;88,75;82,65;13,16;2;Bell;;24;15,7
PN006479_00;89mm;58,00;84,20;3,72;83,74;83,74;2,20;12,91;0,00;9,4;89;88,75;82,65;13,16;2;Straight;;24;18,9
PN006443_00;89mm;58,00;84,20;4,00;83,74;83,74;2,20;12,91;0,00;9,4;89;88,75;82,65;13,16;2;Straight;;24;18,9
PN006439_00;89mm;58,00;84,20;4,00;83,74;83,74;2,10;12,91;0,00;9,4;89;88,75;82,65;13,16;2;Straight;;24;18,5
PN006322_00;89mm;49,00;78,00;3,30;83,74;83,74;1,90;12,91;0,00;9,4;89;88,75;82,65;13,16;2;Straight;;24;12,5
PN009383_00;89mm SP400;46,50;78,00;2,88;81,10;81,10;2,16;13,60;88,70;10,4;89;88,7;81,9;14,1;1;Straight;;24;17,4
PN009584_01;M53 SP400 NECK FINISH;17,70;51,99;3,60;22,45;48,21;2,54;11,30;52,05;4,94;53;52,05;46,66;11,99;1;Bell;;48;16,9
PN009585_01;M63 SP400 NECK FINISH;27,44;62,99;3,62;34,03;58,20;2,65;11,30;62,06;5,95;63;62,06;56,68;11,99;1;Bell;;48;17,7
PN009586_01;M70 SP400 NECK FINISH;39,20;81,99;3,74;33,77;65,20;2,75;11,30;69,04;6,65;70;69,04;63,65;11,99;1;Bell;;32;19,9
