pref_drw;neck_drw;preform_weight;neck_weight;body_weight;length;thickness;max_diam;DiametroSottobaga;base_thikness;PartingLine;DiametroPLine;neck_nominal_diam;DIAMETRO_BAGA;DIAMETRO_INTERNO;neck_height;NUMEROPRINCIPI;shape;cycle_time;TON;cavitation;DescrizioneCollo;HEATSET
PN006764_00;N000123_02;682,70;50,10;632,60;381,60;10,00;61,28;50,50;7,00;94,00;0,00;50,00;65,73;42,00;44,06;1;Reverse;125,00;500;12;50mm SINGLE THREAD;n
PN005136_03;N000123_02;682,70;50,10;632,60;320,00;12,00;65,29;50,50;8,40;94,00;0,00;50,00;65,73;42,00;44,06;1;Reverse;82,00;500;2;50mm SINGLE THREAD;n
PN007722_00;N000104_31;650,00;22,16;627,84;375,00;9,38;65,34;52,80;7,95;98,00;65,25;55,00;54,40;48,00;35,38;0;Reverse;105,00;500;2;55 mm FOR PUSH CAP;n
PN006765_00;N000123_02;632,80;50,10;582,70;356,04;10,00;61,28;50,50;7,00;94,00;0,00;50,00;65,73;42,00;44,06;1;Reverse;120,00;500;12;50mm SINGLE THREAD;n
PN005136_04;N000123_02;632,80;50,10;582,70;300,00;12,00;65,29;50,50;8,40;94,00;0,00;50,00;65,73;42,00;44,06;1;Reverse;80,00;500;2;50mm SINGLE THREAD;n
PN010012_01;N000132_17;480,00;23,80;456,20;265,26;8,03;69,73;64,00;5,70;60,00;69,64;63,00;75,00;54,20;22,00;3;Reverse;69,00;350;12;63mm 3 STARTS;n
PN010012_00;N000132_34;480,00;38,20;441,80;270,00;8,03;69,26;64,00;5,70;71,00;69,17;63,00;75,00;53,80;33,00;1;Reverse;69,00;350;12;63mm SINGLE LEAD;n
PN010450_00;N000132_17;479,74;23,80;455,94;260,00;8,39;68,60;64,00;5,00;72,00;68,56;63,00;75,00;54,20;22,00;3;Reverse;74,00;350;12;63mm 3 STARTS;n
PN010373_00;N000104_27;390,00;33,50;356,50;308,00;7,20;58,00;51,30;5,90;100,00;0,00;55,00;60,10;46,00;47,00;0;Reverse;59,00;350;12;55 mm FOR PUSH CAP;n
PN004380_00;N000156_07;300,00;19,40;280,60;225,00;5,04;77,50;74,00;4,29;46,00;0,00;77,00;80,80;70,00;22,60;1;Reverse;44,70;500;16;77mm;n
PN010307_00;N200020_02;138,00;8,50;129,50;191,00;8,41;34,71;28,20;4,43;55,00;34,65;28,00;41,00;20,74;22,80;1;Reverse;59,00;500;32;28 mm;n
PN009898_02;N000093_31;120,00;9,10;110,90;160,00;4,98;48,00;44,70;3,99;45,00;47,90;48,00;51,60;41,10;19,50;3;Reverse;29,50;350;32;48mm BERICAP 3 LEADS;n
PN009898_02;N000093_31;120,00;9,10;110,90;160,00;4,98;48,00;44,70;3,99;45,00;47,90;48,00;51,60;41,10;19,50;3;Reverse;29,50;350;24;48mm BERICAP 3 LEADS;n
PN009899_02;N000093_31;118,00;9,10;108,90;190,00;4,24;48,01;44,70;3,05;45,00;47,94;48,00;51,60;41,10;19,50;3;Reverse;25,90;350;24;48mm BERICAP 3 LEADS;n
PN005394_01;N200020_02;112,00;8,50;103,50;181,80;7,54;32,80;28,20;5,29;54,00;32,77;28,00;41,00;20,74;22,80;1;Reverse;48,00;500;72;28 mm;n
PN010135_01;N000093_31;105,00;9,10;95,90;160,00;4,22;48,00;44,70;3,38;45,00;47,90;48,00;51,60;41,10;19,50;3;Reverse;26,00;350;24;48mm BERICAP 3 LEADS;n
PN010135_00;N000093_31;105,00;9,10;95,90;150,00;4,68;46,00;44,50;3,93;42,00;45,96;48,00;51,60;41,10;19,50;3;Reverse;26,00;350;24;48mm BERICAP 3 LEADS;n
PN006550_01;N000264_40;103,10;3,80;99,30;182,00;4,08;42,37;39,02;2,50;101,00;0,00;28,00;33,00;21,74;17,00;1;Reverse;24,50;500;48;28mm PCO 1881;n
PN006554_00;N300022_14;99,70;9,36;90,34;148,95;4,30;46,83;44,00;3,17;52,00;0,00;46,00;51,99;38,85;16,10;0;Reverse;25,50;500;72;46 mm FOR PUSH CAP VER.14;n
PN010128_02;N000001_36;97,00;8,29;88,71;169,67;6,04;31,88;28,40;4,80;48,00;31,84;28,00;38,27;20,78;22,80;1;Reverse;51,00;500;48;28 mm BPF;n
PN010128_01;N000001_36;97,00;8,29;88,71;169,67;6,12;31,88;28,40;4,80;48,00;31,84;28,00;38,27;20,78;22,80;1;Reverse;51,00;500;48;28 mm BPF;n
PN008124_00;N000043_07;90,00;10,10;79,90;150,00;3,82;47,39;45,40;2,79;48,00;47,34;45,00;51,40;40,16;26,00;3;Reverse;18,90;350;48;45 mm 3 LEADS;n
PN007470_00;N000093_31;90,00;9,10;80,90;144,56;4,05;46,60;44,80;2,84;43,00;46,55;48,00;51,60;41,10;19,50;3;Reverse;20,70;250;32;48mm BERICAP 3 LEADS;n
PN006957_00;N000249_00;90,00;4,90;85,10;158,50;4,45;41,00;38,50;2,71;44,00;0,00;43,00;44,50;37,80;16,90;1;Reverse;24,50;250;32;43mm SINGLE THREAD;n
PN005627_01;N000283_02;86,00;10,60;75,40;138,00;6,55;37,94;34,50;3,93;51,69;0,00;38,00;43,00;30,00;24,00;2;Reverse;50,00;350;48;38mm 2 LEADS;n
PN005574_02;N200020_02;84,00;8,50;75,50;158,00;5,36;31,24;28,20;4,94;54,00;31,20;28,00;41,00;20,74;22,80;1;Reverse;41,00;500;72;28 mm;n
PN007806_00;N000195_19;82,90;6,31;76,59;198,93;3,81;36,32;33,93;2,55;127,00;36,30;36,00;40,89;29,72;18,47;3;Reverse;21,70;350;32;358 DBJ 3 LEADS NECK FINISH;n
PN009898_01;N000093_31;78,00;9,10;68,90;150,00;3,15;46,00;44,50;2,68;42,00;45,96;48,00;51,60;41,10;19,50;3;Reverse;16,90;350;24;48mm BERICAP 3 LEADS;n
PN010117_01;N000036_85;75,00;4,40;70,60;155,00;3,87;39,25;37,20;3,02;42,50;39,23;38,00;43,00;33,40;16,50;3;Reverse;17,50;250;48;38 mm BERICAP VER.85;n
PN010117_00;N000036_85;75,00;4,40;70,60;155,00;3,87;39,25;37,20;3,02;42,50;39,23;38,00;43,00;33,40;16,50;3;Reverse;17,50;250;48;38 mm BERICAP VER.85;n
PN008059_00;N000043_07;73,00;10,10;62,90;140,00;3,31;46,40;44,20;2,70;46,50;0,00;45,00;51,40;40,16;26,00;3;Reverse;16,70;350;48;45 mm 3 LEADS;n
PN007740_00;N000300_05;73,00;4,67;68,33;156,00;3,66;38,80;36,80;2,93;42,00;38,78;38,00;45,00;33,40;16,50;3;Reverse;17,50;500;72;38 mm BERICAP;n
PN005650_00;N000036_85;72,00;4,40;67,60;150,00;3,72;39,80;37,20;2,98;40,00;0,00;38,00;43,00;33,40;16,50;3;Reverse;18,90;250;48;38 mm BERICAP VER.85;n
PN003407_00;N000195_07;70,50;5,80;64,70;149,00;3,72;38,17;36,00;2,90;38,00;0,00;36,00;41,90;31,00;17,00;3;Reverse;21,90;500;72;36mm 3 LEADS NECK FINISH;n
PN007684_00;N000300_05;70,00;4,67;65,33;156,00;3,46;38,80;36,80;2,77;42,00;38,78;38,00;45,00;33,40;16,50;3;Reverse;16,90;500;72;38 mm BERICAP;n
PN008592_00;N000036_85;67,00;4,40;62,60;140,00;3,71;40,00;37,00;2,96;42,50;39,97;38,00;43,00;33,40;16,50;3;Reverse;17,70;500;32;38 mm BERICAP VER.85;n
PN003126_01;N000036_47;65,00;4,20;60,80;145,00;3,50;39,70;35,70;2,62;38,00;0,00;38,00;43,00;33,40;16,50;3;Reverse;17,60;500;72;38 mm BERICAP VER.47;n
PN010113_01;N000036_85;64,00;4,40;59,60;155,00;3,14;39,25;37,20;2,45;42,50;39,23;38,00;43,00;33,40;16,50;3;Reverse;15,40;250;48;38 mm BERICAP VER.85;n
PN010113_00;N000036_85;64,00;4,40;59,60;155,00;3,14;39,25;37,20;2,45;42,50;39,23;38,00;43,00;33,40;16,50;3;Reverse;15,40;250;48;38 mm BERICAP VER.85;n
PN005250_04;N000283_02;60,30;10,60;49,70;94,08;8,36;36,09;34,50;4,12;40,58;0,00;38,00;43,00;30,00;24,00;2;Reverse;50,00;350;48;38mm 2 LEADS;n
PN006982_00;N000249_00;60,00;4,90;55,10;137,00;3,29;40,50;40,50;2,28;21,90;0,00;43,00;44,50;37,80;16,90;1;Straight;15,90;250;32;43mm SINGLE THREAD;n
PN006541_01;N000249_00;60,00;4,90;55,10;137,00;3,29;40,50;40,50;2,28;21,90;0,00;43,00;44,50;37,80;16,90;1;Straight;15,90;250;32;43mm SINGLE THREAD;n
PN006541_00;N000249_00;60,00;4,90;55,10;137,00;3,26;40,50;40,50;2,61;21,90;0,00;43,00;44,50;37,80;16,90;1;Straight;15,90;250;32;43mm SINGLE THREAD;n
PN006330_01;N000007_16;58,50;9,40;49,10;84,00;3,66;58,00;83,74;2,13;12,91;0,00;89,00;88,75;82,65;13,16;2;Bell;15,70;500;24;89mm;n
PN003726_00;N000051_86;58,20;3,80;54,40;169,70;3,68;28,96;25,80;2,98;43,00;28,94;28,00;33,00;21,74;17,00;1;Reverse;18,50;500;96;28mm PCO 1881;n
PN006479_00;N000007_16;58,00;9,40;48,60;84,20;3,72;83,74;83,74;2,20;12,91;0,00;89,00;88,75;82,65;13,16;2;Straight;18,90;500;24;89mm;n
PN006443_00;N000007_16;58,00;9,40;48,60;84,20;4,00;83,74;83,74;2,20;12,91;0,00;89,00;88,75;82,65;13,16;2;Straight;18,90;500;24;89mm;n
PN006439_00;N000007_16;58,00;9,40;48,60;84,20;4,00;83,74;83,74;2,10;12,91;0,00;89,00;88,75;82,65;13,16;2;Straight;18,50;500;24;89mm;n
PN007956_02;N000264_35;54,50;3,80;50,70;148,10;4,09;28,84;25,70;3,00;39,50;0,00;28,00;33,00;21,74;17,00;1;Reverse;20,50;500;96;28mm PCO 1881;n
PN009220_00;N000300_44;52,00;4,19;47,81;125,10;3,42;37,00;37,00;3,19;21,50;36,99;38,00;42,00;33,40;16,50;3;Straight;15,90;500;128;38mm;n
PN007108_00;N000162_04;52,00;3,50;48,50;143,00;3,79;30,50;29,50;2,92;43,00;0,00;32,00;34,50;26,50;15,10;2;Reverse;18,10;500;96;32mm 2 LEADS;n
PN006440_00;N000268_01;52,00;5,06;46,94;158,20;3,55;28,55;25,70;2,90;42,00;0,00;28,00;33,00;21,74;21,00;1;Reverse;15,40;500;96;28mm PCO 1810;n
PN010130_00;N000264_34;50,70;3,80;46,90;146,00;3,96;27,83;25,70;3,17;38,82;27,81;28,00;33,00;21,74;17,00;1;Reverse;17,80;250;48;28mm PCO 1881 ISBT-21;n
PN007958_02;N000264_35;50,50;3,80;46,70;148,10;3,67;28,84;25,70;2,88;39,50;0,00;28,00;33,00;21,74;17,00;1;Reverse;18,90;500;96;28mm PCO 1881;n
PN008020_00;N000264_54;50,10;3,10;47,00;148,00;3,83;28,60;25,50;3,06;47,00;28,54;28,00;32,00;21,74;17,00;1;Reverse;17,80;500;96;28mm PCO 1881 LIGHT;n
PN010097_00;N000311_13;50,00;2,68;47,32;146,00;3,78;29,00;25,50;3,02;39,00;28,97;26,00;33,00;21,74;15,06;1;Reverse;17,60;250;72;26/22 mm;n
PN009208_00;N000264_71;50,00;3,80;46,20;147,00;3,88;28,00;25,50;3,18;44,00;27,98;28,00;33,00;21,74;17,00;1;Reverse;17,50;500;144;28mm PCO 1881;n
PN006412_00;N000249_00;50,00;4,90;45,10;124,40;3,45;35,00;40,50;2,97;21,90;0,00;43,00;44,50;37,80;16,90;1;Bell;14,50;250;32;43mm SINGLE THREAD;n
PN005874_01;N000187_89;50,00;4,30;45,70;111,00;3,96;28,00;36,60;2,99;37,00;0,00;38,00;43,00;33,42;16,50;3;Bell;17,20;350;96;38mm 3 LEADS - BC VENTED;n
PN006322_00;N000007_16;49,00;9,40;39,60;78,00;3,30;83,74;83,74;1,90;12,91;0,00;89,00;88,75;82,65;13,16;2;Straight;12,50;500;24;89mm;n
PN003092_05;N000051_86;48,50;3,80;44,70;148,00;3,59;28,60;25,50;2,87;47,00;0,00;28,00;33,00;21,74;17,00;1;Reverse;16,90;500;96;28mm PCO 1881;n
PN010583_00;N000300_44;48,00;4,19;43,81;125,10;3,07;37,00;37,00;2,86;21,50;36,99;38,00;42,00;33,40;16,50;3;Straight;15,70;500;128;38mm;n
PN009397_00;N000264_34;48,00;3,80;44,20;143,00;3,93;27,50;25,50;2,95;40,00;27,47;28,00;33,00;21,74;17,00;1;Reverse;18,70;500;144;28mm PCO 1881 ISBT-21;n
PN009179_00;N000264_71;48,00;3,80;44,20;145,00;3,71;28,20;25,50;3,04;44,00;28,18;28,00;33,00;21,74;17,00;1;Reverse;16,90;500;180;28mm PCO 1881;n
PN005874_00;N000187_89;48,00;4,30;43,70;111,00;3,77;28,00;36,60;2,87;37,00;0,00;38,00;43,00;33,42;16,50;3;Bell;16,50;350;96;38mm 3 LEADS - BC VENTED;n
PN008926_01;N000264_71;47,50;3,80;43,70;141,00;3,80;28,08;25,50;3,23;43,00;28,05;28,00;33,00;21,74;17,00;1;Reverse;16,90;500;144;28mm PCO 1881;n
PN008926_00;N000264_71;47,50;3,80;43,70;139,00;3,91;28,10;25,50;3,07;43,00;28,06;28,00;33,00;21,74;17,00;1;Reverse;17,00;500;144;28mm PCO 1881;n
PN009383_00;N000007_25;46,50;10,40;36,10;78,00;2,88;81,10;81,10;2,16;13,60;88,70;89,00;88,70;81,90;14,10;1;Straight;17,40;500;24;89mm SP400;n
PN006540_00;N000007_18;46,00;10,80;35,20;73,00;3,70;77,57;77,57;2,05;16,89;0,00;83,00;82,55;76,50;17,14;1;Straight;17,20;500;24;83mm;n
PN006333_00;N000007_17;46,00;8,70;37,30;74,00;3,25;58,61;77,74;1,90;12,91;0,00;83,00;88,75;76,65;13,16;2;Bell;12,80;500;24;83mm;n
PN003484_01;N000140_56;45,80;3,80;42,00;140,00;3,70;28,00;25,50;2,96;43,76;28,00;28,00;33,00;21,74;17,00;1;Reverse;17,20;500;96;28mm PCO 1881;n
PN010213_00;N000264_71;45,00;3,80;41,20;141,00;3,53;28,08;25,50;3,00;43,00;28,05;28,00;33,00;21,74;17,00;1;Reverse;15,90;500;144;28mm PCO 1881;n
PN008925_01;N000264_71;45,00;3,80;41,20;141,00;3,52;28,08;25,50;3,00;43,00;28,05;28,00;33,00;21,74;17,00;1;Reverse;15,90;500;144;28mm PCO 1881;n
PN008925_00;N000264_71;45,00;3,80;41,20;139,00;3,63;28,10;25,50;2,85;43,00;28,06;28,00;33,00;21,74;17,00;1;Reverse;16,00;500;144;28mm PCO 1881;n
PN003484_02;N000140_56;44,90;3,80;41,10;140,50;3,59;28,20;25,50;2,95;43,76;28,20;28,00;33,00;21,74;17,00;1;Reverse;18,10;500;96;28mm PCO 1881;n
PN006939_00;N000051_86;44,75;3,80;40,95;129,00;3,92;28,43;25,50;3,34;39,50;28,43;28,00;33,00;21,74;17,00;1;Reverse;15,90;500;144;28mm PCO 1881;n
PN004173_02;N000051_86;44,50;3,80;40,70;133,80;3,85;28,20;25,60;3,15;38,79;0,00;28,00;33,00;21,74;17,00;1;Reverse;15,70;500;96;28mm PCO 1881;n
PN004173_01;N000051_86;44,50;3,80;40,70;133,80;3,85;28,20;25,60;3,15;38,79;0,00;28,00;33,00;21,74;17,00;1;Reverse;15,70;500;96;28mm PCO 1881;n
PN004173_00;N000051_86;44,50;3,80;40,70;133,80;3,85;28,00;25,60;3,15;38,79;0,00;28,00;33,00;21,74;17,00;1;Reverse;15,70;500;96;28mm PCO 1881;n
PN010529_02;N000140_59;44,00;3,80;40,20;134,00;3,97;27,00;25,50;2,98;42,00;26,97;28,00;33,00;21,74;17,00;1;Reverse;19,20;500;200;28mm PCO 1881;n
PN010529_01;N000264_56;44,00;3,80;40,20;134,00;3,97;27,00;25,50;2,98;42,00;26,97;28,00;33,00;21,74;17,00;1;Reverse;19,20;500;200;28mm PCO 1881;n
PN010411_00;N000036_85;44,00;4,40;39,60;123,00;3,73;29,50;36,00;2,98;23,00;34,56;38,00;43,00;33,40;16,50;3;Bell;17,50;160;48;38 mm BERICAP VER.85;n
PN006481_00;N000162_04;44,00;3,50;40,50;143,00;3,03;30,50;29,50;2,39;43,00;0,00;32,00;34,50;26,50;15,10;2;Reverse;14,50;500;96;32mm 2 LEADS;n
PN006246_00;N000140_56;44,00;3,80;40,20;131,81;3,80;28,70;25,70;2,72;40,00;0,00;28,00;33,00;21,74;17,00;1;Reverse;15,50;350;96;28mm PCO 1881;n
PN003725_00;N000051_86;43,70;3,80;39,90;146,30;3,22;28,00;25,70;2,55;38,30;27,97;28,00;33,00;21,74;17,00;1;Reverse;17,50;500;128;28mm PCO 1881;n
PN009696_00;N000264_34;43,30;3,80;39,50;131,00;4,02;26,50;25,50;3,22;37,00;26,48;28,00;33,00;21,74;17,00;1;Reverse;16,90;350;96;28mm PCO 1881 ISBT-21;n
PN002737_01;N000140_56;43,20;3,80;39,40;126,50;3,92;29,20;25,50;2,94;44,00;29,20;28,00;33,00;21,74;17,00;1;Reverse;16,30;500;96;28mm PCO 1881;n
PN006238_00;N000140_56;43,00;3,80;39,20;131,81;3,69;28,70;25,70;2,65;40,00;0,00;28,00;33,00;21,74;17,00;1;Reverse;15,20;350;96;28mm PCO 1881;n
PN006431_00;N000268_01;42,70;5,06;37,64;144,60;3,15;27,80;25,70;2,90;40,62;0,00;28,00;33,00;21,74;21,00;1;Reverse;13,00;500;96;28mm PCO 1810;n
PN008924_01;N000264_71;42,50;3,80;38,70;141,00;3,28;28,08;25,50;2,42;43,00;28,05;28,00;33,00;21,74;17,00;1;Reverse;14,50;500;144;28mm PCO 1881;n
PN008924_00;N000264_71;42,50;3,80;38,70;139,00;3,35;28,10;25,50;2,63;43,00;28,06;28,00;33,00;21,74;17,00;1;Reverse;14,60;500;144;28mm PCO 1881;n
PN010363_00;N000264_34;42,30;3,80;38,50;124,30;3,88;25,70;25,70;2,80;41,00;28,46;28,00;33,00;21,74;17,00;1;Straight;16,40;500;144;28mm PCO 1881 ISBT-21;n
PN005977_00;N000051_86;42,00;3,80;38,20;139,00;3,32;28,00;25,70;2,72;42,00;0,00;28,00;33,00;21,74;17,00;1;Reverse;15,30;350;96;28mm PCO 1881;n
PN006932_00;N000051_86;40,20;3,80;36,40;123,00;4,05;26,50;25,50;3,20;38,50;26,50;28,00;33,00;21,74;17,00;1;Reverse;14,90;500;144;28mm PCO 1881;n
PN007669_01;N000006_53;39,60;2,19;37,41;126,00;3,56;28,60;24,24;2,30;35,00;28,57;28,00;33,00;21,74;12,00;0;Reverse;14,80;250;48;28mm SNAP FLANGE;n
PN008653_00;N000311_05;39,32;2,41;36,91;130,00;3,44;27,84;25,00;2,54;37,00;27,81;26,00;31,00;21,74;12,90;1;Reverse;14,10;500;128;26/22 mm 30.37 GME;n
PN008653_00;N000311_05;39,32;2,41;36,91;130,00;3,44;27,84;25,00;2,54;37,00;27,81;26,00;31,00;21,74;12,90;1;Reverse;13,90;350;96;26/22 mm 30.37 GME;n
PN009586_01;N000117_27;39,20;6,65;32,55;81,99;3,74;33,77;65,20;2,75;11,30;69,04;70,00;69,04;63,65;11,99;1;Bell;19,90;500;32;M70 SP400 NECK FINISH;n
PN008483_00;N000311_14;39,00;2,59;36,41;130,00;3,71;26,00;25,00;3,15;34,00;26,14;26,00;31,50;21,74;15,06;1;Reverse;14,20;350;96;26/22 mm;n
PN005123_00;N000051_86;39,00;3,80;35,20;129,20;3,55;26,50;25,70;2,69;36,50;0,00;28,00;33,00;21,74;17,00;1;Reverse;15,60;350;84;28mm PCO 1881;n
PN010535_02;N000140_59;38,00;3,80;34,20;134,00;3,22;27,50;25,50;2,58;42,00;26,97;28,00;33,00;21,74;17,00;1;Reverse;16,60;500;200;28mm PCO 1881;n
PN010535_01;N000264_56;38,00;3,80;34,20;134,00;3,22;27,50;25,50;2,58;42,00;26,97;28,00;33,00;21,74;17,00;1;Reverse;16,60;500;200;28mm PCO 1881;n
PN007871_00;N000051_69;38,00;3,80;34,20;113,00;4,00;27,80;25,00;3,20;35,00;27,77;28,00;31,00;21,74;17,00;1;Reverse;15,50;250;48;28mm PCO 1881 HF;s
PN005873_01;N000187_89;38,00;4,30;33,70;108,00;4,00;28,00;36,00;3,00;22,27;0,00;38,00;43,00;33,42;16,50;3;Bell;16,10;350;96;38mm 3 LEADS - BC VENTED;n
PN005651_00;N000051_86;38,00;3,80;34,20;119,50;3,92;26,40;25,70;2,94;34,00;0,00;28,00;33,00;21,74;17,00;1;Reverse;16,20;250;48;28mm PCO 1881;n
PN004503_00;N000187_22;38,00;4,40;33,60;125,00;3,41;26,50;36,00;2,90;22,20;0,00;38,00;41,00;32,40;17,20;2;Bell;15,50;500;96;38mm 2 LEADS;n
PN006454_00;N000140_63;37,00;5,10;31,90;129,20;3,44;25,80;25,80;2,75;29,20;0,00;28,00;33,00;21,74;21,20;1;Straight;15,30;500;128;28mm PCO 1816;n
PN005386_00;N000051_86;36,46;3,80;32,66;120,00;3,74;25,92;25,50;3,00;40,00;0,00;28,00;33,00;21,74;17,00;1;Reverse;14,00;350;84;28mm PCO 1881;n
PN009711_00;N000264_34;36,00;3,80;32,20;123,50;3,76;25,00;25,50;2,63;22,00;25,47;28,00;33,00;21,74;17,00;1;Bell;14,90;250;48;28mm PCO 1881 ISBT-21;n
PN005873_02;N000187_96;36,00;4,40;31,60;108,00;3,70;28,00;36,00;2,81;22,27;0,00;38,00;43,00;33,42;16,50;3;Bell;14,90;350;96;38mm 3 LEADS - BC VENTED;n
PN005873_00;N000187_89;36,00;4,30;31,70;108,00;3,70;28,00;36,00;2,81;22,27;0,00;38,00;43,00;33,42;16,50;3;Bell;14,90;350;96;38mm 3 LEADS - BC VENTED;n
PN005656_00;N000051_86;36,00;3,80;32,20;119,50;3,62;26,40;25,70;2,72;34,00;0,00;28,00;33,00;21,74;17,00;1;Reverse;14,90;250;48;28mm PCO 1881;n
PN009947_00;N000264_49;35,90;3,10;32,80;136,10;3,05;26,00;25,50;2,59;34,00;25,97;28,00;32,00;21,74;17,00;1;Reverse;13,90;500;180;28mm PCO 1881 LIGHT;n
PN010536_02;N000140_59;35,30;3,80;31,50;134,00;2,89;27,00;25,50;2,37;42,00;26,97;28,00;33,00;21,74;17,00;1;Reverse;15,40;500;200;28mm PCO 1881;n
PN010536_01;N000264_56;35,30;3,80;31,50;134,00;2,89;27,00;25,50;2,37;42,00;26,97;28,00;33,00;21,74;17,00;1;Reverse;14,40;500;200;28mm PCO 1881;n
PN008759_00;N000034_21;35,00;3,84;31,16;110,00;3,91;25,00;35,00;2,74;18,00;33,57;38,00;41,00;31,60;12,25;1;Bell;14,90;250;72;38 mm NECK FINISH;n
PN008489_00;N000311_14;35,00;2,59;32,41;130,00;3,20;26,00;25,00;2,72;34,00;26,14;26,00;31,50;21,74;15,06;1;Reverse;12,90;350;96;26/22 mm;n
PN007962_00;N000264_35;35,00;3,80;31,20;116,50;3,72;25,83;26,00;2,85;36,70;0,00;28,00;33,00;21,74;17,00;1;Bell;13,80;500;144;28mm PCO 1881;n
PN006464_00;N000140_63;35,00;5,10;29,90;129,20;3,16;25,80;25,80;2,53;29,20;0,00;28,00;33,00;21,74;21,20;1;Straight;14,00;500;128;28mm PCO 1816;n
PN010073_01;N000264_34;34,50;3,80;30,70;122,00;3,80;23,98;25,50;3,04;43,00;23,97;28,00;33,00;21,74;17,00;1;Bell;16,90;160;60;28mm PCO 1881 ISBT-21;n
PN010405_00;N000036_85;34,00;4,40;29,60;123,00;2,60;29,50;36,00;2,21;23,00;34,56;38,00;43,00;33,40;16,50;3;Bell;14,00;160;48;38 mm BERICAP VER.85;n
PN010361_01;N000264_34;34,00;3,80;30,20;111,00;3,67;26,88;25,50;2,86;37,00;26,85;28,00;33,00;21,74;17,00;1;Reverse;14,90;500;96;28mm PCO 1881 ISBT-21;n
PN010350_00;N000264_34;34,00;3,80;30,20;115,00;3,65;26,00;25,50;2,56;39,00;25,99;28,00;33,00;21,74;17,00;1;Reverse;14,10;500;180;28mm PCO 1881 ISBT-21;n
PN006345_01;N000300_01;34,00;4,25;29,75;96,00;3,74;30,00;36,00;2,80;22,50;0,00;38,00;41,00;33,40;16,50;3;Bell;14,80;350;96;38mm 3 LEADS - BC VENTED;n
PN006345_00;N000187_98;34,00;4,16;29,84;96,00;3,74;30,00;36,00;2,81;22,50;0,00;38,00;41,00;33,42;16,50;3;Bell;14,80;350;96;38mm 3 LEADS - BC VENTED;n
PN010321_00;N000268_16;33,50;3,78;29,72;132,02;2,98;25,30;25,60;2,24;22,00;25,57;28,00;33,00;21,74;17,00;1;Bell;14,60;500;200;28mm PCO 1881 ISBT-21;n
PN007964_00;N000264_35;33,00;3,80;29,20;116,50;3,41;25,83;26,00;2,70;36,70;0,00;28,00;33,00;21,74;17,00;1;Bell;13,20;500;144;28mm PCO 1881;n
PN006349_01;N000300_01;33,00;4,25;28,75;96,00;3,58;30,00;36,00;2,68;22,50;0,00;38,00;41,00;33,40;16,50;3;Bell;14,30;350;96;38mm 3 LEADS - BC VENTED;n
PN006349_00;N000187_98;33,00;4,16;28,84;96,00;3,58;30,00;36,00;2,68;22,50;0,00;38,00;41,00;33,42;16,50;3;Bell;14,30;350;96;38mm 3 LEADS - BC VENTED;n
PN010559_01;N000140_59;32,00;3,80;28,20;115,00;3,64;24,36;25,50;2,73;23,50;25,38;28,00;33,00;21,74;17,00;1;Bell;15,20;500;128;28mm PCO 1881;n
PN010412_00;N000036_85;32,00;4,40;27,60;115,70;2,60;29,50;36,00;2,21;23,00;34,56;38,00;43,00;33,40;16,50;3;Bell;13,80;160;48;38 mm BERICAP VER.85;n
PN008760_00;N000034_21;32,00;3,84;28,16;110,00;3,22;25,00;35,00;2,25;18,00;33,57;38,00;41,00;31,60;12,25;1;Bell;13,00;250;72;38 mm NECK FINISH;n
PN008636_00;N000036_85;32,00;4,40;27,60;104,00;3,93;25,20;36,00;2,95;20,80;36,00;38,00;43,00;33,40;16,50;3;Bell;14,50;250;72;38 mm BERICAP VER.85;n
PN008541_00;N000311_14;32,00;2,59;29,41;118,00;2,67;25,50;25,50;2,27;21,00;25,50;26,00;31,50;21,74;15,06;1;Straight;13,00;500;144;26/22 mm;n
PN008480_00;N000311_14;32,00;2,59;29,41;115,00;3,63;24,80;25,00;3,09;21,00;24,95;26,00;31,50;21,74;15,06;1;Bell;13,20;350;96;26/22 mm;n
PN007344_02;N300140_16;32,00;4,60;27,40;98,50;4,03;28,24;24,80;3,32;34,01;0,00;28,00;32,00;20,35;17,00;1;Reverse;14,30;500;144;"28mm PCO ""1881MODIF"" FOR HEATSET";n
PN006350_01;N000300_01;32,00;4,25;27,75;96,00;3,41;30,00;36,00;2,56;22,50;0,00;38,00;41,00;33,40;16,50;3;Bell;13,80;350;96;38mm 3 LEADS - BC VENTED;n
PN006350_00;N000187_98;32,00;4,16;27,84;96,00;3,42;30,00;36,00;2,56;22,50;0,00;38,00;41,00;33,42;16,50;3;Bell;13,80;350;96;38mm 3 LEADS - BC VENTED;n
PN005872_01;N000187_89;32,00;4,30;27,70;108,00;3,11;28,00;36,00;2,43;22,27;0,00;38,00;43,00;33,42;16,50;3;Bell;11,10;350;96;38mm 3 LEADS - BC VENTED;n
PN010453_00;N000264_34;31,00;3,80;27,20;111,00;3,46;24,97;25,50;2,77;22,00;25,45;28,00;33,00;21,74;17,00;1;Bell;13,60;250;72;28mm PCO 1881 ISBT-21;n
PN006351_01;N000300_01;31,00;4,25;26,75;96,00;3,26;30,00;36,00;2,44;22,50;0,00;38,00;41,00;33,40;16,50;3;Bell;12,50;350;96;38mm 3 LEADS - BC VENTED;n
PN010258_00;N000264_34;30,70;3,80;26,90;122,00;3,09;24,46;25,50;2,47;43,00;43,00;28,00;33,00;21,74;17,00;1;Bell;15,20;160;60;28mm PCO 1881 ISBT-21;n
PN010231_00;N000114_06;30,60;1,90;28,70;110,00;3,90;24,13;27,70;3,12;18,00;27,30;29,00;33,50;25,10;12,60;3;Bell;13,40;500;72;29/25mm SHORTY NECK FINISH;n
PN006164_00;N000264_06;30,60;3,80;26,80;106,50;3,89;24,00;25,50;3,20;22,00;0,00;28,00;33,00;21,74;17,00;1;Bell;15,30;500;180;28mm PCO 1881;n
PN008616_00;N000264_49;30,10;3,10;27,00;122,00;2,85;26,00;25,70;2,31;42,00;25,97;28,00;32,00;21,74;17,00;1;Reverse;10,40;250;72;28mm PCO 1881 LIGHT;n
PN010100_00;N000034_28;30,00;3,95;26,05;98,75;3,15;27,90;34,80;2,72;17,00;34,80;38,00;41,10;31,30;12,00;1;Bell;11,70;250;48;38 mm NECK FINISH;n
PN009992_00;N000037_14;30,00;7,40;22,60;64,00;3,08;56,00;56,00;2,30;12,40;62,00;63,00;62,00;54,50;13,00;4;Straight;16,30;500;32;63mm 4 LEADS;s
PN008232_00;N000300_31;30,00;4,55;25,45;109,50;3,15;25,50;35,50;2,27;23,50;34,65;38,00;41,00;32,40;17,50;2;Bell;11,80;350;48;38mm BERICAP;n
PN008122_00;N000264_34;30,00;3,80;26,20;114,00;3,01;26,25;25,50;2,41;36,00;26,24;28,00;33,00;21,74;17,00;1;Reverse;11,50;250;96;28mm PCO 1881 ISBT-21;n
PN006351_00;N000187_98;30,00;4,16;25,84;96,00;3,11;30,00;36,00;2,33;22,50;0,00;38,00;41,00;33,42;16,50;3;Bell;12,50;350;96;38mm 3 LEADS - BC VENTED;n
PN005872_00;N000187_89;30,00;4,30;25,70;108,00;2,83;28,00;36,00;2,23;22,27;0,00;38,00;43,00;33,42;16,50;3;Bell;10,20;350;96;38mm 3 LEADS - BC VENTED;n
PN004003_01;N000187_39;30,00;4,40;25,60;110,21;2,88;25,89;36,50;2,31;21,57;0,00;38,00;43,00;33,40;16,50;3;Bell;12,20;500;96;38mm 3 LEADS;n
PN004003_00;N000187_39;30,00;4,40;25,60;110,21;2,88;25,89;36,50;2,31;21,57;0,00;38,00;43,00;33,40;16,50;3;Bell;12,20;500;96;38mm 3 LEADS;n
PN003603_00;N000013_86;30,00;5,00;25,00;125,50;2,64;26,00;25,80;2,07;42,00;25,99;28,00;33,00;21,74;21,00;1;Reverse;13,50;500;128;28mm PCO 1810;n
PN003603_00;N000013_86;30,00;5,00;25,00;125,50;2,64;26,00;25,80;2,07;42,00;25,99;28,00;33,00;21,74;21,00;1;Reverse;13,50;500;128;28mm PCO 1810;n
PN003258_00;N000140_58;30,00;5,00;25,00;104,50;3,63;25,08;25,70;2,90;30,00;0,00;28,00;33,00;21,74;21,00;1;Bell;13,50;500;96;28mm PCO 1810;n
PN010597_00;N000111_46;29,80;1,74;28,06;109,85;3,64;24,36;25,50;2,73;18,35;25,38;26,00;29,00;22,03;11,85;3;Bell;15,00;500;128;26mm 3 LEADS;n
PN010182_00;N000264_34;29,60;3,80;25,80;122,00;2,92;24,46;25,50;2,34;43,00;43,00;28,00;33,00;21,74;17,00;1;Bell;14,50;160;60;28mm PCO 1881 ISBT-21;n
PN010410_02;N000140_79;29,50;3,60;25,90;114,93;3,43;23,00;25,50;2,74;21,50;25,26;28,00;33,00;21,74;16,13;1;Bell;12,40;500;144;28mm PCO1873;n
PN009773_00;N000290_03;29,50;3,27;26,23;108,00;3,26;26,40;25,50;2,28;37,00;26,38;28,00;33,00;21,74;17,00;1;Reverse;11,50;500;144;28mm PCO 1881 LIGHT;n
PN003708_00;N000051_86;29,50;3,80;25,70;125,00;2,60;25,80;25,80;2,31;25,00;0,00;28,00;33,00;21,74;17,00;1;Straight;11,80;500;128;28mm PCO 1881;n
PN010561_01;N000140_59;29,00;3,80;25,20;115,00;3,13;24,36;25,50;2,35;23,50;25,38;28,00;33,00;21,74;17,00;1;Bell;13,50;500;128;28mm PCO 1881;n
PN009989_00;N000311_48;29,00;2,71;26,29;125,00;2,75;25,20;25,20;2,20;20,06;25,20;26,00;32,10;21,74;15,06;1;Straight;10,70;500;128;26/22 mm;n
PN008633_00;N000036_85;29,00;4,40;24,60;104,00;3,35;25,20;36,00;2,68;20,80;36,00;38,00;43,00;33,40;16,50;3;Bell;11,90;250;72;38 mm BERICAP VER.85;n
PN007654_00;N000003_24;29,00;3,20;25,80;124,00;2,87;24,70;28,00;2,29;24,50;27,53;30,00;34,00;25,10;18,50;3;Bell;10,90;500;128;30/25 mm NECK FINISH LIGHT VER. 24;n
PN003605_00;N000051_86;29,00;3,80;25,20;103,00;3,45;25,80;25,50;2,60;32,50;25,79;28,00;33,00;21,74;17,00;1;Reverse;13,70;500;128;28mm PCO 1881;n
PN006927_00;N000051_86;28,80;3,80;25,00;107,90;3,54;23,75;25,50;2,56;22,50;0,00;28,00;33,00;21,74;17,00;1;Bell;11,50;500;144;28mm PCO 1881;n
PN010362_00;N000264_34;28,50;3,80;24,70;100,10;3,54;25,70;25,70;2,66;22,00;25,69;28,00;33,00;21,74;17,00;1;Straight;12,10;500;144;28mm PCO 1881 ISBT-21;n
PN009774_00;N000311_13;28,50;2,68;25,82;108,00;3,26;26,40;25,50;2,24;37,00;26,38;26,00;33,00;21,74;15,06;1;Reverse;11,30;500;144;26/22 mm;n
PN007072_00;N000114_05;28,50;2,40;26,10;118,10;2,64;26,80;28,00;2,16;28,10;0,00;29,00;32,50;25,10;12,60;3;Bell;12,00;500;128;29/25mm SHORTY NECK FINISH;n
PN007662_00;N000003_24;28,50;3,20;25,30;124,00;2,80;24,70;28,00;2,24;24,50;27,53;30,00;34,00;25,10;18,50;3;Bell;10,80;500;128;30/25 mm NECK FINISH LIGHT VER. 24;n
PN007072_00;N000114_05;28,50;2,40;26,10;118,10;2,64;26,80;28,00;2,16;28,10;0,00;29,00;32,50;25,10;12,60;3;Bell;12,40;500;128;29/25mm SHORTY NECK FINISH;n
PN005657_00;N000051_86;28,50;3,80;24,70;119,50;2,56;26,40;25,70;2,25;34,00;0,00;28,00;33,00;21,74;17,00;1;Reverse;10,50;250;48;28mm PCO 1881;n
PN010185_00;N000264_34;28,30;3,80;24,50;122,00;2,73;24,46;25,50;2,18;43,00;43,00;28,00;33,00;21,74;17,00;1;Bell;12,80;160;60;28mm PCO 1881 ISBT-21;n
PN009174_00;N000264_71;28,00;3,80;24,20;110,82;2,95;25,50;25,50;2,17;22,00;25,50;28,00;33,00;21,74;17,00;1;Straight;13,50;500;180;28mm PCO 1881;n
PN008766_00;N000034_21;28,00;3,84;24,16;96,00;3,21;25,00;35,00;2,25;18,00;33,57;38,00;41,00;31,60;12,25;1;Bell;12,20;250;72;38 mm NECK FINISH;n
PN005976_00;N000006_45;28,00;3,05;24,95;103,00;3,54;24,00;24,20;3,19;17,50;0,00;29,00;30,50;20,80;12,50;0;Bell;11,70;250;96;NECK FINISH FOR EDIBLE OIL;n
PN003258_02;N000140_58;28,00;5,00;23,00;104,50;3,24;25,08;25,70;2,59;30,00;0,00;28,00;33,00;21,74;21,00;1;Bell;12,30;500;128;28mm PCO 1810;n
PN010068_01;N000218_00;27,70;2,05;25,65;117,00;3,02;23,98;24,25;2,42;38,00;23,97;26,00;29,25;21,74;12,00;1;Bell;14,50;160;60;26mm GRAVITY 2;n
PN010176_00;N000218_00;27,70;2,05;25,65;117,00;2,95;24,46;24,25;2,34;38,00;24,44;26,00;29,25;21,74;12,00;1;Reverse;14,40;160;60;26mm GRAVITY 2;n
PN010185_02;N000264_34;27,50;3,80;23,70;122,00;2,62;24,46;25,50;2,10;43,00;43,00;28,00;33,00;21,74;17,00;1;Bell;12,50;160;60;28mm PCO 1881 ISBT-21;n
PN010139_00;N000114_05;27,50;2,40;25,10;109,00;3,17;24,57;28,00;2,47;17,60;27,58;29,00;32,50;25,10;12,60;3;Bell;11,90;250;72;29/25mm SHORTY NECK FINISH;n
PN009585_01;N000004_08;27,44;5,95;21,49;62,99;3,62;34,03;58,20;2,65;11,30;62,06;63,00;62,06;56,68;11,99;1;Bell;17,70;500;48;M63 SP400 NECK FINISH;n
PN010346_00;N000311_48;27,30;2,71;24,59;125,00;2,52;25,20;25,20;2,14;20,06;25,20;26,00;32,10;21,74;15,06;1;Straight;10,20;350;128;26/22 mm;n
PN003605_01;N000013_86;27,00;5,00;22,00;107,00;2,88;25,80;25,50;2,30;36,50;25,79;28,00;33,00;21,74;21,00;1;Reverse;12,10;500;128;28mm PCO 1810;n
PN005877_00;N000114_29;26,80;2,50;24,30;115,00;2,82;25,26;27,50;2,25;17,60;0,00;29,00;34,00;25,10;12,60;3;Bell;10,20;250;72;29/25mm SHORTY NECK FINISH;n
PN007071_00;N000003_24;26,70;3,20;23,50;117,00;2,52;26,80;28,00;2,07;23,50;0,00;30,00;34,00;25,10;18,50;3;Bell;12,20;500;128;30/25 mm NECK FINISH LIGHT VER. 24;n
PN005868_00;N000051_86;26,70;3,80;22,90;96,50;4,05;22,80;25,50;3,20;22,00;0,00;28,00;33,00;21,74;17,00;1;Bell;12,90;500;144;28mm PCO 1881;n
PN010075_00;N000013_86;26,60;5,00;21,60;123,00;2,46;23,98;25,50;2,02;44,00;23,97;28,00;33,00;21,74;21,00;1;Bell;11,90;160;60;28mm PCO 1810;n
PN010594_00;N000114_05;26,50;2,40;24,10;114,10;2,55;26,30;28,00;2,30;17,60;27,82;29,00;32,50;25,10;12,60;3;Bell;9,30;250;72;29/25mm SHORTY NECK FINISH;n
PN010190_00;N000051_21;26,50;3,60;22,90;114,93;2,92;23,00;25,50;2,34;35,18;35,18;28,00;33,00;21,74;16,13;1;Bell;10,70;500;96;28mm PCO1873;n
PN009976_00;N000114_05;26,50;2,40;24,10;100,00;3,65;23,67;28,00;2,92;16,60;28,00;29,00;32,50;25,10;12,60;3;Bell;13,20;500;128;29/25mm SHORTY NECK FINISH;n
PN008635_00;N000036_85;26,50;4,40;22,10;104,00;2,91;25,20;36,00;2,33;20,80;36,00;38,00;43,00;33,40;16,50;3;Bell;10,90;250;72;38 mm BERICAP VER.85;n
PN006335_00;N000117_19;26,50;7,20;19,30;60,05;3,00;64,74;64,74;1,90;12,91;0,00;70,00;69,75;63,65;13,16;2;Straight;10,90;500;32;70 mm 2 LEADS;n
PN006335_00;N000117_19;26,50;7,20;19,30;60,05;3,00;64,74;64,74;1,90;12,91;0,00;70,00;69,75;63,65;13,16;2;Straight;10,90;500;32;70 mm 2 LEADS;n
PN006335_00;N000117_19;26,50;7,20;19,30;60,05;3,00;64,74;64,74;1,90;12,91;0,00;70,00;69,75;63,65;13,16;2;Straight;10,90;500;32;70 mm 2 LEADS;n
PN003538_03;N000114_05;26,50;2,40;24,10;112,00;2,92;24,36;28,00;2,37;17,60;0,00;29,00;32,50;25,10;12,60;3;Bell;11,20;500;96;29/25mm SHORTY NECK FINISH;n
PN010184_00;N000264_34;26,30;3,80;22,50;122,00;2,44;24,46;25,50;2,07;43,00;43,00;28,00;33,00;21,74;17,00;1;Bell;11,80;160;60;28mm PCO 1881 ISBT-21;n
PN010070_01;N000264_34;26,30;3,80;22,50;122,00;2,50;23,98;25,50;2,12;43,00;23,97;28,00;33,00;21,74;17,00;1;Bell;11,90;160;60;28mm PCO 1881 ISBT-21;n
PN010611_00;N000114_05;26,00;2,40;23,60;111,50;2,57;26,39;28,00;2,18;17,60;27,86;29,00;32,50;25,10;12,60;3;Bell;9,40;250;72;29/25mm SHORTY NECK FINISH;n
PN010560_01;N000140_59;26,00;3,80;22,20;115,00;2,66;24,36;25,50;2,00;23,50;25,38;28,00;33,00;21,74;17,00;1;Bell;11,90;500;128;28mm PCO 1881;n
PN008486_00;N000311_14;26,00;2,59;23,41;115,00;2,72;25,00;25,00;2,39;21,00;24,96;26,00;31,50;21,74;15,06;1;Straight;9,40;350;96;26/22 mm;n
PN006516_00;N000114_05;26,00;2,40;23,60;112,10;2,95;23,60;27,95;2,27;18,00;0,00;29,00;32,50;25,10;12,60;3;Bell;10,90;350;128;29/25mm SHORTY NECK FINISH;n
PN010184_02;N000264_34;25,90;3,80;22,10;122,00;2,38;24,46;25,50;2,07;43,00;43,00;28,00;33,00;21,74;17,00;1;Bell;11,60;160;60;28mm PCO 1881 ISBT-21;n
PN007025_00;N000051_86;25,90;3,80;22,10;118,20;2,48;24,83;25,50;2,10;22,00;0,00;28,00;33,00;21,74;17,00;1;Bell;10,00;500;144;28mm PCO 1881;n
PN009175_00;N000264_71;25,80;3,80;22,00;110,82;2,60;25,50;25,50;2,03;22,00;25,50;28,00;33,00;21,74;17,00;1;Straight;12,50;500;180;28mm PCO 1881;n
PN010181_00;N000218_00;25,70;2,05;23,65;117,00;2,66;24,46;24,25;2,11;38,00;24,44;26,00;29,25;21,74;12,00;1;Reverse;12,20;160;60;26mm GRAVITY 2;n
PN010063_01;N000218_00;25,70;2,05;23,65;117,00;2,72;23,98;24,25;2,18;38,00;23,97;26,00;29,25;21,74;12,00;1;Bell;12,30;160;60;26mm GRAVITY 2;n
PN006716_02;N000117_20;25,20;7,00;18,20;55,00;3,20;64,72;64,72;2,00;12,91;0,00;70,00;69,04;63,63;13,16;2;Straight;13,90;500;32;70 mm 2 LEADS;n
PN006743_00;N000117_20;25,20;7,00;18,20;50,80;3,10;64,72;64,72;2,39;12,91;0,00;70,00;69,04;63,63;13,16;2;Straight;13,60;500;32;70 mm 2 LEADS;n
PN006720_00;N000117_20;25,20;7,00;18,20;50,80;3,02;64,72;64,72;2,00;12,91;0,00;70,00;69,04;63,63;13,16;2;Straight;13,90;500;32;70 mm 2 LEADS;n
PN006719_00;N000117_20;25,20;7,00;18,20;55,00;2,90;64,72;64,72;2,00;12,91;0,00;70,00;69,04;63,63;13,16;2;Straight;13,70;500;32;70 mm 2 LEADS;n
PN006465_00;N000117_20;25,20;7,00;18,20;55,00;3,50;64,72;64,72;2,00;12,91;0,00;70,00;69,04;63,63;13,16;2;Straight;12,50;500;32;70 mm 2 LEADS;n
PN010138_00;N000114_05;25,00;2,40;22,60;109,00;2,77;24,57;28,00;2,30;17,60;27,58;29,00;32,50;25,10;12,60;3;Bell;10,70;250;72;29/25mm SHORTY NECK FINISH;n
PN009942_00;N000264_65;25,00;3,21;21,79;100,00;3,55;22,80;25,50;2,66;22,00;25,31;28,00;33,00;21,74;17,00;1;Bell;13,20;500;180;28mm PCO 1881 LIGHT;n
PN008493_00;N000162_20;25,00;3,17;21,83;100,00;2,97;25,00;29,00;2,38;19,90;28,23;32,00;34,70;27,00;14,90;2;Bell;10,90;350;96;32mm 2 LEADS;n
PN010526_01;N000140_59;24,50;3,80;20,70;87,80;4,06;22,77;25,70;3,61;22,00;25,15;28,00;33,00;21,74;17,00;1;Bell;24,50;500;128;28mm PCO 1881;n
PN009268_01;N000006_55;24,50;2,65;21,85;107,00;2,80;24,00;24,00;2,38;32,00;23,76;29,00;30,70;23,40;10,40;0;Straight;10,90;500;128;29 mm PER OLIO (NUOVA SIRMA);n
PN009268_00;N000006_55;24,50;2,65;21,85;100,60;3,08;24,00;24,00;2,46;32,00;23,76;29,00;30,70;23,40;10,40;0;Straight;11,90;500;128;29 mm PER OLIO (NUOVA SIRMA);n
PN010592_00;N000114_05;24,00;2,40;21,60;111,10;2,56;24,43;28,00;2,30;17,60;27,84;29,00;32,50;25,10;12,60;3;Bell;8,80;250;72;29/25mm SHORTY NECK FINISH;n
PN009344_01;N000114_05;24,00;2,40;21,60;100,00;3,15;23,67;28,00;2,52;16,60;28,00;29,00;32,50;25,10;12,60;3;Bell;11,30;500;128;29/25mm SHORTY NECK FINISH;n
PN008667_01;N000300_26;24,00;7,10;16,90;97,00;2,57;20,81;35,00;2,00;24,50;32,27;38,00;41,00;30,00;18,30;2;Bell;12,00;250;48;38 mm BERICAP VER.53;s
PN008490_00;N000311_14;24,00;2,59;21,41;95,00;3,65;22,90;25,00;3,10;21,00;24,49;26,00;31,50;21,74;15,06;1;Bell;11,50;350;96;26/22 mm;n
PN007943_00;N000162_00;24,00;3,70;20,30;91,00;3,50;23,60;29,00;2,90;21,00;0,00;32,00;35,50;26,50;15,41;2;Bell;13,90;500;96;32mm 2 LEADS;n
PN004331_01;N000010_30;24,00;6,40;17,60;90,00;2,80;23,30;34,50;2,24;23,00;0,00;38,00;40,70;30,20;17,83;2;Bell;10,80;500;96;38 mm 2 LEADS;s
PN003538_01;N000114_15;24,00;2,50;21,50;112,00;2,53;24,36;28,00;2,05;17,60;0,00;29,00;33,50;25,10;12,60;3;Bell;10,00;500;96;29/25mm SHORTY NECK FINISH;n
PN003538_00;N000114_15;24,00;2,50;21,50;112,00;2,53;24,36;28,00;2,05;17,60;0,00;29,00;33,50;25,10;12,60;3;Bell;10,00;500;96;29/25mm SHORTY NECK FINISH;n
PN009043_00;N000311_13;23,60;2,68;20,92;115,91;2,47;23,29;25,70;2,09;21,00;25,47;26,00;33,00;21,74;15,06;1;Bell;9,80;500;96;26/22 mm;n
PN005867_00;N000051_86;23,60;3,80;19,80;96,50;3,32;22,80;25,50;2,60;22,00;0,00;28,00;33,00;21,74;17,00;1;Bell;10,40;500;144;28mm PCO 1881;n
PN003639_00;N000051_86;23,60;3,80;19,80;103,00;2,68;24,50;25,70;2,14;22,00;25,62;28,00;33,00;21,74;17,00;1;Bell;11,00;500;144;28mm PCO 1881;n
PN010610_00;N000114_05;23,50;2,40;21,10;111,50;2,24;26,39;28,00;2,02;17,60;27,86;29,00;32,50;25,10;12,60;3;Bell;8,40;250;72;29/25mm SHORTY NECK FINISH;n
PN007712_00;N000170_16;23,50;1,94;21,56;114,90;2,52;24,25;24,25;2,14;17,00;24,25;26,00;29,25;21,74;12,00;3;Straight;9,00;250;72;26/12 EXALITE;n
PN003375_00;N000051_86;23,50;3,80;19,70;95,00;3,38;23,00;25,50;2,54;23,00;0,00;28,00;33,00;21,74;17,00;1;Bell;12,50;500;96;28mm PCO 1881;n
PN007720_00;N000170_17;23,10;1,55;21,55;114,90;2,52;24,25;24,25;2,07;17,00;24,25;26,00;29,25;21,74;12,00;3;Straight;9,00;250;72;26/22 NECK FINISH EXALITE;n
PN010516_02;N000140_59;23,00;3,80;19,20;87,80;3,65;22,77;25,70;3,24;22,00;25,15;28,00;33,00;21,74;17,00;1;Bell;14,10;500;128;28mm PCO 1881;n
PN009347_02;N000264_34;23,00;3,80;19,20;93,50;3,76;21,01;25,50;2,74;21,00;25,50;28,00;33,00;21,74;17,00;1;Bell;12,50;500;128;28mm PCO 1881 ISBT-21;n
PN009214_00;N300140_18;23,00;4,60;18,40;83,57;3,40;24,80;24,80;2,55;22,00;24,78;28,00;32,00;20,35;17,00;1;Straight;11,50;500;144;"28mm PCO ""1881MODIF"" FOR HEATSET";n
PN006931_00;N000051_86;23,00;3,80;19,20;96,00;3,19;22,88;25,50;2,25;23,00;0,00;28,00;33,00;21,74;17,00;1;Bell;9,40;500;144;28mm PCO 1881;n
PN003143_00;N000013_86;23,00;5,00;18,00;90,67;4,01;20,84;25,50;3,12;29,00;0,00;28,00;33,00;21,74;21,00;1;Bell;15,10;500;96;28mm PCO 1810;n
PN007668_01;N000006_53;22,60;2,19;20,41;108,58;2,42;25,49;24,24;1,80;34,00;25,48;28,00;33,00;21,74;12,00;0;Reverse;9,60;250;48;28mm SNAP FLANGE;n
PN009381_00;N000311_41;22,50;2,56;19,94;116,00;2,35;23,19;25,00;2,05;18,50;24,85;26,00;33,00;21,74;12,90;1;Bell;9,90;250;96;26/22 mm 30.37 GME;n
PN008430_02;N000264_34;22,50;3,80;18,70;99,00;2,94;22,79;25,50;2,23;22,00;25,50;28,00;33,00;21,74;17,00;1;Bell;9,30;350;72;28mm PCO 1881 ISBT-21;n
PN006923_00;N000140_59;22,30;3,80;18,50;97,57;3,43;21,14;25,50;2,91;23,00;0,00;28,00;33,00;21,74;17,00;1;Bell;14,10;500;128;28mm PCO 1881;n
PN007104_01;N000264_56;22,28;3,80;18,48;97,00;3,41;20,80;25,50;2,79;23,50;0,00;28,00;33,00;21,74;17,00;1;Bell;13,50;500;128;28mm PCO 1881;n
PN006123_00;N000264_06;22,20;3,80;18,40;96,50;2,99;22,76;25,50;2,40;22,50;0,00;28,00;33,00;21,74;17,00;1;Bell;10,90;500;180;28mm PCO 1881;n
PN010189_00;N000013_86;22,00;5,00;17,00;94,00;3,65;20,00;25,50;2,74;25,00;25,50;28,00;33,00;21,74;21,00;1;Bell;12,50;500;128;28mm PCO 1810;n
PN010137_00;N000114_05;22,00;2,40;19,60;109,00;2,30;24,57;28,00;2,18;17,60;27,58;29,00;32,50;25,10;12,60;3;Bell;9,20;250;72;29/25mm SHORTY NECK FINISH;n
PN009350_01;N000114_05;22,00;2,40;19,60;100,00;2,77;23,67;28,00;2,22;16,60;28,00;29,00;32,50;25,10;12,60;3;Bell;10,70;500;128;29/25mm SHORTY NECK FINISH;n
PN008947_01;N000311_05;22,00;2,41;19,59;115,00;2,33;23,18;25,00;2,05;18,50;24,85;26,00;31,00;21,74;12,90;1;Bell;8,70;250;96;26/22 mm 30.37 GME;n
PN008947_00;N000311_41;22,00;2,56;19,44;116,00;2,19;23,89;25,00;2,00;18,50;24,91;26,00;33,00;21,74;12,90;1;Bell;8,50;250;96;26/22 mm 30.37 GME;n
PN008482_00;N000311_14;22,00;2,59;19,41;85,00;3,88;22,90;25,00;3,30;21,00;24,49;26,00;31,50;21,74;15,06;1;Bell;11,70;350;96;26/22 mm;n
PN007890_00;N000051_69;22,00;3,80;18,20;93,00;3,21;22,80;25,00;2,57;21,00;25,00;28,00;31,00;21,74;17,00;1;Bell;10,70;500;128;28mm PCO 1881 HF;s
PN007876_00;N000170_08;22,00;1,90;20,10;114,20;2,29;24,30;24,25;1,99;25,70;0,00;26,00;29,25;21,74;12,00;3;Reverse;8,50;250;72;26/12 NECK FINISH EXALITE;n
PN007704_00;N000170_16;22,00;1,94;20,06;114,90;2,30;24,25;24,25;2,07;17,00;24,25;26,00;29,25;21,74;12,00;3;Straight;8,50;250;72;26/12 EXALITE;n
PN007349_01;N300051_82;22,00;3,80;18,20;96,00;3,56;21,20;25,50;2,87;23,00;0,00;28,00;33,00;21,74;17,00;1;Bell;9,60;500;144;28mm PCO 1881 VER.82;n
PN004331_00;N000010_30;22,00;6,40;15,60;85,00;2,24;21,84;34,50;2,24;23,00;0,00;38,00;40,70;30,20;17,83;2;Bell;10,60;500;96;38 mm 2 LEADS;s
PN004072_00;N000051_69;22,00;3,80;18,20;87,00;3,56;22,80;25,00;2,67;22,00;0,00;28,00;31,00;21,74;17,00;1;Bell;12,00;500;96;28mm PCO 1881 HF;s
PN007719_00;N000170_17;21,62;1,55;20,07;114,90;2,30;24,25;24,25;2,07;17,00;24,25;26,00;29,25;21,74;12,00;3;Straight;8,50;250;72;26/22 NECK FINISH EXALITE;n
PN005866_00;N000051_86;21,60;3,80;17,80;96,50;2,86;22,80;25,50;2,50;22,00;0,00;28,00;33,00;21,74;17,00;1;Bell;9,40;500;144;28mm PCO 1881;n
PN009691_02;N000264_34;21,50;3,80;17,70;109,00;2,49;21,60;25,50;2,00;23,00;25,03;28,00;33,00;21,74;17,00;1;Bell;9,60;250;72;28mm PCO 1881 ISBT-21;n
PN009507_00;N000162_19;21,50;3,30;18,20;81,90;4,37;20,39;29,00;3,28;21,91;26,53;32,00;35,70;27,00;14,90;2;Bell;16,50;500;128;32mm 2 LEADS;n
PN010460_01;N000264_43;21,00;3,80;17,20;93,00;3,50;19,95;25,50;2,62;23,00;24,74;28,00;33,00;21,74;17,00;1;Bell;10,80;500;144;28mm PCO 1881;n
PN010513_03;N000140_59;21,00;3,80;17,20;87,80;3,15;22,77;25,70;2,80;22,00;25,15;28,00;33,00;21,74;17,00;1;Bell;12,20;500;128;28mm PCO 1881;n
PN010460_00;N000290_11;21,00;3,80;17,20;93,00;3,50;19,95;25,50;2,62;23,00;24,74;28,00;33,00;21,74;17,00;1;Bell;11,60;500;180;28mm PCO 1881;n
PN008570_00;N000300_26;21,00;7,10;13,90;87,00;2,53;19,61;34,60;2,10;24,50;31,72;38,00;41,00;30,00;18,30;2;Bell;11,20;250;48;38 mm BERICAP VER.53;s
PN008120_00;N000264_34;21,00;3,80;17,20;88,00;3,60;20,89;25,50;2,88;22,00;25,04;28,00;33,00;21,74;17,00;1;Bell;11,90;250;96;28mm PCO 1881 ISBT-21;n
PN008034_00;N000264_54;21,00;3,10;17,90;96,50;2,86;22,80;25,50;2,50;22,00;0,00;28,00;32,00;21,74;17,00;1;Bell;9,20;500;144;28mm PCO 1881 LIGHT;n
PN007639_00;N000051_86;21,00;3,80;17,20;91,40;3,56;20,22;25,50;2,67;23,00;24,56;28,00;33,00;21,74;17,00;1;Bell;10,80;500;144;28mm PCO 1881;n
PN006897_01;N000051_86;21,00;3,80;17,20;94,00;3,32;20,50;25,50;2,66;22,50;0,00;28,00;33,00;21,74;17,00;1;Bell;11,80;500;180;28mm PCO 1881;n
PN006897_00;N000051_86;21,00;3,80;17,20;93,00;2,91;22,80;25,50;2,33;22,00;0,00;28,00;33,00;21,74;17,00;1;Bell;10,60;500;180;28mm PCO 1881;n
PN010398_00;N000264_61;20,70;3,78;16,92;86,57;2,65;20,84;25,50;3,01;23,50;24,92;28,00;33,00;21,74;17,00;1;Bell;11,90;350;96;28mm PCO 1881;n
PN006935_00;N000051_86;20,70;3,80;16,90;86,67;3,65;20,84;25,50;3,03;24,00;0,00;28,00;33,00;21,74;17,00;1;Bell;10,20;500;144;28mm PCO 1881;n
PN008533_01;N000264_34;20,50;3,80;16,70;99,00;2,52;22,79;25,50;2,14;22,00;25,50;28,00;33,00;21,74;17,00;1;Bell;8,80;350;72;28mm PCO 1881 ISBT-21;n
PN010147_01;N000036_85;20,00;4,40;15,60;76,00;3,35;22,40;35,50;2,95;21,00;35,17;38,00;43,00;33,40;16,50;3;Bell;13,50;160;32;38 mm BERICAP VER.85;n
PN010095_00;N000311_13;20,00;2,68;17,32;89,21;3,03;22,73;25,50;2,58;20,10;25,27;26,00;33,00;21,74;15,06;1;Bell;9,00;250;72;26/22 mm;n
PN009687_02;N000264_34;20,00;3,80;16,20;109,00;2,20;21,60;25,50;1,95;23,00;25,03;28,00;33,00;21,74;17,00;1;Bell;8,90;250;72;28mm PCO 1881 ISBT-21;n
PN007692_00;N000264_34;20,00;3,80;16,20;82,00;3,40;22,61;25,50;2,72;22,50;25,07;28,00;33,00;21,74;17,00;1;Bell;11,30;500;128;28mm PCO 1881 ISBT-21;n
PN006050_00;N000051_86;20,00;3,80;16,20;97,80;3,17;18,85;25,50;2,54;25,00;0,00;28,00;33,00;21,74;17,00;1;Bell;10,80;500;128;28mm PCO 1881;n
PN004251_00;N000051_86;20,00;3,80;16,20;84,00;3,15;22,72;25,70;2,80;22,00;0,00;28,00;33,00;21,74;17,00;1;Bell;11,80;500;128;28mm PCO 1881;n
PN006741_00;N000264_48;19,90;3,78;16,12;86,67;3,59;20,96;25,50;2,70;22,00;0,00;28,00;33,00;21,74;17,00;1;Bell;10,90;350;96;28mm PCO 1881;n
PN009751_01;N000114_05;19,80;2,40;17,40;100,00;2,53;22,50;28,00;2,20;19,60;26,90;29,00;32,50;25,10;12,60;3;Bell;9,20;250;32;29/25mm SHORTY NECK FINISH;n
PN007891_00;N000051_69;19,50;3,80;15,70;79,00;3,59;22,60;25,00;2,87;21,00;25,00;28,00;31,00;21,74;17,00;1;Bell;10,90;500;128;28mm PCO 1881 HF;s
PN006899_01;N000051_86;19,50;3,80;15,70;94,00;2,92;20,50;25,50;2,34;22,50;0,00;28,00;33,00;21,74;17,00;1;Bell;10,60;500;180;28mm PCO 1881;n
PN006899_00;N000051_86;19,50;3,80;15,70;93,00;2,56;22,80;25,50;2,25;22,00;0,00;28,00;33,00;21,74;17,00;1;Bell;9,80;500;180;28mm PCO 1881;n
PN009279_00;N000006_55;19,00;2,65;16,35;92,70;2,40;24,00;24,00;2,04;32,00;23,76;29,00;30,70;23,40;10,40;0;Straight;9,20;500;128;29 mm PER OLIO (NUOVA SIRMA);n
PN008905_00;N000264_34;19,00;3,80;15,20;86,00;3,16;20,90;25,50;2,69;22,00;24,90;28,00;33,00;21,74;17,00;1;Bell;9,20;250;48;28mm PCO 1881 ISBT-21;n
PN008494_00;N000162_20;19,00;3,17;15,83;85,00;2,75;23,50;29,00;2,20;19,90;27,94;32,00;34,70;27,00;14,90;2;Bell;9,50;350;96;32mm 2 LEADS;n
PN008479_00;N000311_14;19,00;2,59;16,41;85,00;3,09;22,90;25,00;2,63;21,00;24,49;26,00;31,50;21,74;15,06;1;Bell;9,70;350;96;26/22 mm;n
PN008032_00;N000264_54;19,00;3,10;15,90;96,50;2,44;22,80;25,50;2,20;22,00;0,00;28,00;32,00;21,74;17,00;1;Bell;8,30;500;144;28mm PCO 1881 LIGHT;n
PN006900_01;N000051_86;19,00;3,80;15,20;94,00;2,79;20,50;25,50;2,23;22,50;0,00;28,00;33,00;21,74;17,00;1;Bell;10,20;500;180;28mm PCO 1881;n
PN006900_00;N000051_86;19,00;3,80;15,20;93,00;2,45;22,80;25,50;2,16;22,00;0,00;28,00;33,00;21,74;17,00;1;Bell;9,50;500;180;28mm PCO 1881;n
PN006307_00;N000008_04;19,00;1,08;17,92;94,00;2,60;22,70;24,00;2,21;11,50;0,00;26,00;28,20;20,90;6,50;0;Bell;8,40;250;72;26/21 mm OIL;n
PN005654_00;N000051_86;19,00;3,80;15,20;88,00;3,17;20,28;25,70;2,54;22,00;0,00;28,00;33,00;21,74;17,00;1;Bell;10,90;250;48;28mm PCO 1881;n
PN009116_00;N000311_14;18,50;2,59;15,91;88,00;2,80;22,64;25,50;2,24;21,06;25,00;26,00;31,50;21,74;15,06;1;Bell;9,50;350;128;26/22 mm;n
PN008866_00;N000051_86;18,25;3,80;14,45;79,15;3,56;20,49;25,50;3,11;25,00;23,83;28,00;33,00;21,74;17,00;1;Bell;10,60;500;144;28mm PCO 1881;n
PN006975_00;N000051_86;18,10;3,80;14,30;91,00;2,37;22,60;25,50;2,01;22,00;0,00;28,00;33,00;21,74;17,00;1;Bell;8,60;250;96;28mm PCO 1881;n
PN004000_01;N000187_39;18,10;4,40;13,70;74,07;3,28;20,18;36,50;2,67;21,57;0,00;38,00;43,00;33,40;16,50;3;Bell;11,90;500;96;38mm 3 LEADS;n
PN004000_00;N000187_39;18,10;4,40;13,70;74,07;3,28;20,18;36,50;2,67;21,57;0,00;38,00;43,00;33,40;16,50;3;Bell;11,90;500;96;38mm 3 LEADS;n
PN004658_00;N000051_86;18,05;3,80;14,25;87,80;2,93;20,50;25,20;2,00;25,00;0,00;28,00;33,00;21,74;17,00;1;Bell;11,00;500;128;28mm PCO 1881;n
PN004642_00;N000051_86;18,05;3,80;14,25;87,80;2,91;20,50;25,20;2,18;25,00;0,00;28,00;33,00;21,74;17,00;1;Bell;10,80;500;128;28mm PCO 1881;n
PN004657_00;N000051_86;18,05;3,80;14,25;92,00;2,46;21,20;25,20;2,00;29,20;0,00;28,00;33,00;21,74;17,00;1;Bell;10,50;500;128;28mm PCO 1881;n
PN004656_00;N000051_86;18,05;3,80;14,25;87,80;2,98;20,50;25,20;2,24;25,00;0,00;28,00;33,00;21,74;17,00;1;Bell;10,80;500;128;28mm PCO 1881;n
PN010482_01;N000311_14;18,00;2,59;15,41;89,00;3,00;20,70;25,20;2,55;21,50;24,41;26,00;31,50;21,74;15,06;1;Bell;9,70;500;180;26/22 mm;n
PN010464_01;N000264_34;18,00;3,80;14,20;86,00;2,87;20,90;25,50;2,44;22,00;25,08;28,00;33,00;21,74;17,00;1;Bell;9,60;250;96;28mm PCO 1881 ISBT-21;n
PN010464_00;N000264_49;18,00;3,10;14,90;86,00;3,06;20,90;25,50;2,60;22,00;25,08;28,00;32,00;21,74;17,00;1;Bell;10,20;250;96;28mm PCO 1881 LIGHT;n
PN008125_00;N000114_05;18,00;2,40;15,60;87,60;2,68;22,73;28,00;2,14;29,60;22,69;29,00;32,50;25,10;12,60;3;Bell;9,20;250;72;29/25mm SHORTY NECK FINISH;n
PN007641_00;N000051_86;18,00;3,80;14,20;91,40;2,71;20,22;25,50;2,17;23,00;24,56;28,00;33,00;21,74;17,00;1;Bell;8,70;500;144;28mm PCO 1881;n
PN007026_00;N000051_86;18,00;3,80;14,20;84,00;2,64;22,72;25,70;2,35;22,00;0,00;28,00;33,00;21,74;17,00;1;Bell;10,80;500;128;28mm PCO 1881;n
PN006475_00;N000051_86;18,00;3,80;14,20;93,00;2,77;19,50;25,50;2,22;23,00;0,00;28,00;33,00;21,74;17,00;1;Bell;10,20;350;128;28mm PCO 1881;n
PN006438_00;N000051_86;18,00;3,80;14,20;93,00;2,77;19,50;25,50;2,22;23,00;0,00;28,00;33,00;21,74;17,00;1;Bell;9,50;350;128;28mm PCO 1881;n
PN006288_00;N000051_86;18,00;3,80;14,20;96,00;2,42;20,80;25,50;2,06;16,50;0,00;28,00;33,00;21,74;17,00;1;Bell;10,00;500;128;28mm PCO 1881;n
PN008988_01;N000051_21;17,80;3,60;14,20;90,30;2,94;19,79;24,70;2,24;22,00;23,80;28,00;33,00;21,74;16,13;1;Bell;9,90;500;180;28mm PCO1873;n
PN008988_00;N000051_21;17,80;3,60;14,20;90,30;2,94;19,79;24,70;2,24;22,00;23,80;28,00;33,00;21,74;16,13;1;Bell;9,90;500;180;28mm PCO1873;n
PN008784_00;N000264_09;17,80;3,80;14,00;88,98;3,01;19,11;25,50;2,26;23,00;24,84;28,00;33,00;21,74;17,00;1;Bell;9,50;350;128;28mm PCO 1881;n
PN005879_00;N000114_29;17,80;2,50;15,30;96,50;2,40;22,46;27,50;1,90;17,60;0,00;29,00;34,00;25,10;12,60;3;Bell;8,20;250;72;29/25mm SHORTY NECK FINISH;n
PN005267_00;N000051_21;17,80;3,60;14,20;86,93;2,87;20,50;25,20;2,15;15,56;0,00;28,00;33,00;21,74;16,13;1;Bell;10,70;500;96;28mm PCO1873;n
PN009584_01;N000005_02;17,70;4,94;12,76;51,99;3,60;22,45;48,21;2,54;11,30;52,05;53,00;52,05;46,66;11,99;1;Bell;16,90;500;48;M53 SP400 NECK FINISH;n
PN007616_00;N000051_86;17,70;3,80;13,90;87,60;2,72;20,79;25,50;2,20;22,00;25,16;28,00;33,00;21,74;17,00;1;Bell;8,80;500;144;28mm PCO 1881;n
PN007616_01;N000051_86;17,65;3,80;13,85;87,60;2,70;20,79;25,50;2,31;22,00;25,16;28,00;33,00;21,74;17,00;1;Bell;8,80;500;144;28mm PCO 1881;n
PN007677_00;N000051_21;17,60;3,60;14,00;86,00;3,23;20,70;24,70;2,10;25,00;22,70;28,00;33,00;21,74;16,13;1;Bell;11,90;500;128;28mm PCO1873;n
PN010467_00;N000311_55;17,50;2,64;14,86;84,06;3,06;20,90;25,50;2,60;20,06;25,08;26,00;32,00;21,74;15,06;1;Bell;10,20;250;96;26/22 mm;n
PN010236_01;N000268_19;17,50;4,30;13,20;93,00;2,18;22,73;25,50;2,01;27,00;23,40;28,00;33,00;21,74;21,00;1;Bell;9,50;160;60;28mm PCO 1810 LIGHT;n
PN008941_00;N000264_34;17,50;3,80;13,70;86,40;2,85;20,69;25,50;2,78;23,50;24,78;28,00;33,00;21,74;17,00;1;Bell;9,10;500;144;28mm PCO 1881 ISBT-21;n
PN008119_00;N000264_34;17,50;3,80;13,70;89,00;3,06;18,50;25,50;2,45;22,00;24,85;28,00;33,00;21,74;17,00;1;Bell;10,50;500;180;28mm PCO 1881 ISBT-21;n
PN007625_00;N000311_23;17,50;2,77;14,73;84,88;3,16;20,96;25,50;2,50;20,21;0,00;26,00;33,00;21,74;15,21;1;Bell;9,30;350;96;26/22 mm;n
PN010435_01;N000003_24;17,30;3,20;14,10;95,20;2,47;20,95;28,00;2,03;23,50;27,15;30,00;34,00;25,10;18,50;3;Bell;7,70;250;96;30/25 mm NECK FINISH LIGHT VER. 24;n
PN008147_00;N000264_34;17,30;3,80;13,50;89,00;3,00;18,50;25,50;2,43;22,00;24,85;28,00;33,00;21,74;17,00;1;Bell;10,40;500;180;28mm PCO 1881 ISBT-21;n
PN007677_01;N000264_64;17,20;3,18;14,02;86,00;3,23;20,70;24,70;2,10;25,00;22,70;28,00;33,00;21,74;16,13;1;Bell;11,90;500;128;28mm PCO1873;n
PN010217_01;N000218_00;17,00;2,05;14,95;84,00;2,66;22,73;24,25;2,37;18,00;23,40;26,00;29,25;21,74;12,00;1;Bell;10,90;160;60;26mm GRAVITY 2;n
PN008290_02;N000162_19;17,00;3,30;13,70;81,90;2,89;20,39;29,00;2,31;21,91;26,53;32,00;35,70;27,00;14,90;2;Bell;10,90;500;128;32mm 2 LEADS;n
PN007086_00;N000114_09;17,00;2,10;14,90;95,00;2,59;20,00;28,00;2,09;17,60;0,00;29,00;32,50;25,10;12,60;3;Bell;8,00;500;144;29/25mm SHORTY NECK FINISH;n
PN004068_00;N000051_69;17,00;3,80;13,20;72,00;3,30;22,80;25,00;2,48;22,00;0,00;28,00;31,00;21,74;17,00;1;Bell;10,50;500;96;28mm PCO 1881 HF;s
PN009039_01;N000311_13;16,90;2,68;14,22;89,23;2,94;19,79;24,70;2,24;21,00;23,80;26,00;33,00;21,74;15,06;1;Bell;9,60;500;180;26/22 mm;n
PN010533_01;N000140_59;16,50;3,80;12,70;71,00;3,89;19,50;25,50;2,72;22,00;25,17;28,00;33,00;21,74;17,00;1;Bell;11,30;500;200;28mm PCO 1881;n
PN010463_01;N000264_34;16,50;3,80;12,70;86,00;2,45;20,90;25,50;2,13;22,00;25,08;28,00;33,00;21,74;17,00;1;Bell;8,40;250;96;28mm PCO 1881 ISBT-21;n
PN010463_00;N000264_49;16,50;3,10;13,40;86,00;2,63;20,90;25,50;2,24;22,00;25,08;28,00;32,00;21,74;17,00;1;Bell;8,90;250;96;28mm PCO 1881 LIGHT;n
PN007641_02;N000051_86;16,50;3,80;12,70;82,20;3,00;20,11;25,50;2,55;23,00;24,55;28,00;33,00;21,74;17,00;1;Bell;9,40;500;144;28mm PCO 1881;n
PN008629_01;N000264_49;16,50;3,10;13,40;86,87;2,61;20,67;25,50;2,17;23,00;24,62;28,00;32,00;21,74;17,00;1;Bell;8,90;350;128;28mm PCO 1881 LIGHT;n
PN007641_01;N000051_86;16,50;3,80;12,70;91,40;2,33;20,22;25,50;1,98;23,00;24,56;28,00;33,00;21,74;17,00;1;Bell;8,40;500;144;28mm PCO 1881;n
PN008907_03;N000264_94;16,20;3,80;12,40;82,10;2,93;19,20;25,70;2,34;22,00;25,45;28,00;33,00;21,74;17,00;1;Bell;9,10;500;180;28mm PCO 1881 ISBT-21;n
PN004290_00;N000051_86;16,20;3,80;12,40;86,50;2,57;19,63;25,50;2,21;22,00;0,00;28,00;33,00;21,74;17,00;1;Bell;9,50;500;144;28mm PCO 1881;n
PN010465_00;N000311_55;16,00;2,64;13,36;84,06;2,63;20,90;25,50;2,24;20,06;25,08;26,00;32,00;21,74;15,06;1;Bell;8,90;250;96;26/22 mm;n
PN010482_00;N000311_17;16,00;2,41;13,59;87,00;2,93;18,70;25,20;2,49;18,50;25,13;26,00;31,50;21,74;13,37;1;Bell;9,20;500;180;26/22 mm;n
PN008907_02;N000264_93;16,00;3,61;12,39;82,10;2,93;19,20;25,70;2,34;22,00;25,45;28,00;32,50;21,74;17,00;1;Bell;9,10;500;180;28mm PCO 1881;n
PN008907_01;N000264_34;16,00;3,80;12,20;81,30;2,93;19,20;25,70;2,30;22,00;25,45;28,00;33,00;21,74;17,00;1;Bell;9,10;500;180;28mm PCO 1881 ISBT-21;n
PN008491_02;N000264_34;16,00;3,80;12,20;83,30;2,80;19,00;25,50;2,15;23,00;24,37;28,00;33,00;21,74;17,00;1;Bell;8,20;350;72;28mm PCO 1881 ISBT-21;n
PN008236_00;N000300_31;16,00;4,55;11,45;65,00;3,48;20,20;35,50;2,78;24,50;33,02;38,00;41,00;32,40;17,50;2;Bell;9,50;350;72;38mm BERICAP;n
PN008118_00;N000114_05;16,00;2,40;13,60;95,00;2,25;20,34;28,00;1,91;17,60;27,03;29,00;32,50;25,10;12,60;3;Bell;8,00;500;180;29/25mm SHORTY NECK FINISH;n
PN007069_00;N000114_09;16,00;2,10;13,90;95,00;2,36;20,00;28,00;1,95;17,60;0,00;29,00;32,50;25,10;12,60;3;Bell;7,50;500;144;29/25mm SHORTY NECK FINISH;n
PN006268_00;N000264_31;16,00;3,80;12,20;80,00;2,91;19,55;25,50;2,50;22,50;0,00;28,00;33,00;21,74;17,00;1;Bell;9,70;350;128;28mm PCO 1881;n
PN005706_00;N000187_75;16,00;4,40;11,60;71,13;2,37;22,55;36,50;2,20;21,50;0,00;38,00;43,00;33,40;16,50;3;Bell;7,50;350;96;38mm 3 LEADS;n
PN006194_00;N000264_06;15,90;3,80;12,10;78,00;2,96;19,80;25,50;2,35;22,00;0,00;28,00;33,00;21,74;17,00;1;Bell;10,00;500;180;28mm PCO 1881;n
PN005778_00;N000187_88;15,90;4,30;11,60;67,50;3,18;20,41;36,50;2,23;22,27;0,00;38,00;43,00;33,42;16,50;3;Bell;9,20;350;72;38mm 3 LEADS - BC VENTED;n
PN005658_00;N000051_86;15,80;3,80;12,00;88,00;2,25;20,28;25,70;2,02;22,00;0,00;28,00;33,00;21,74;17,00;1;Bell;8,00;250;48;28mm PCO 1881;n
PN010322_00;N000268_16;15,70;3,78;11,92;87,80;2,24;20,46;24,70;2,20;22,00;24,10;28,00;33,00;21,74;17,00;1;Bell;8,40;500;200;28mm PCO 1881 ISBT-21;n
PN008606_00;N000140_65;15,70;3,47;12,23;75,00;2,98;20,80;25,50;2,68;21,00;25,07;28,00;31,00;21,74;17,00;1;Bell;9,90;250;96;28mm PCO;n
PN007879_00;N000264_34;15,60;3,80;11,80;76,20;3,19;18,81;25,50;2,40;23,00;23,97;28,00;33,00;21,74;17,00;1;Bell;8,90;500;144;28mm PCO 1881 ISBT-21;n
PN006978_00;N000051_86;15,60;3,80;11,80;87,60;2,15;20,79;25,50;1,97;22,00;0,00;28,00;33,00;21,74;17,00;1;Bell;8,30;500;144;28mm PCO 1881;n
PN007933_02;N000311_28;15,50;2,68;12,82;84,00;2,90;19,61;24,50;2,20;21,20;23,31;26,00;33,00;21,74;15,06;1;Bell;10,00;500;128;26/22 mm;n
PN006299_00;N000051_86;15,40;3,80;11,60;87,80;2,20;20,50;25,20;2,00;25,00;0,00;28,00;33,00;21,74;17,00;1;Bell;9,00;500;128;28mm PCO 1881;n
PN008675_00;N000140_80;15,35;3,60;11,75;79,93;2,91;18,40;25,50;2,43;21,20;25,01;28,00;33,00;21,74;16,13;1;Bell;10,00;500;96;28mm PCO1873;n
PN003242_00;N000051_86;15,10;3,80;11,30;70,00;3,16;20,00;26,00;2,69;24,00;0,00;28,00;33,00;21,74;17,00;1;Bell;10,70;500;96;28mm PCO 1881;n
PN010349_00;N000264_34;15,00;3,80;11,20;84,00;2,15;20,86;25,50;1,94;22,00;24,94;28,00;33,00;21,74;17,00;1;Bell;7,60;500;180;28mm PCO 1881 ISBT-21;n
PN007215_00;N000264_34;15,00;3,80;11,20;81,00;2,61;19,00;25,50;2,22;22,00;0,00;28,00;33,00;21,74;17,00;1;Bell;10,60;500;128;28mm PCO 1881 ISBT-21;n
PN007085_00;N000114_09;15,00;2,10;12,90;95,00;2,13;20,00;28,00;1,90;17,60;0,00;29,00;32,50;25,10;12,60;3;Bell;7,20;500;144;29/25mm SHORTY NECK FINISH;n
PN006902_00;N000264_53;15,00;3,80;11,20;65,00;4,16;18,73;25,70;3,12;23,00;0,00;28,00;33,00;21,74;17,00;1;Bell;11,30;500;144;28mm PCO 1881;n
PN005610_00;N000051_86;15,00;3,80;11,20;86,50;2,24;19,63;25,50;2,00;22,00;0,00;28,00;33,00;21,74;17,00;1;Bell;9,50;500;144;28mm PCO 1881;n
PN010538_01;N000140_59;14,50;3,80;10,70;71,00;2,99;19,50;25,50;2,15;22,00;25,17;28,00;33,00;21,74;17,00;1;Bell;9,10;500;200;28mm PCO 1881;n
PN008791_00;N000114_05;14,50;2,40;12,10;88,45;2,36;18,94;28,00;2,01;18,00;27,64;29,00;32,50;25,10;12,60;3;Bell;7,60;500;144;29/25mm SHORTY NECK FINISH;n
PN008336_01;N000162_19;14,50;3,30;11,20;81,00;2,17;19,50;29,00;2,05;21,91;26,53;32,00;35,70;27,00;14,90;2;Bell;8,90;500;128;32mm 2 LEADS;n
PN007136_00;N000264_55;14,50;3,80;10,70;83,50;2,64;16,79;24,70;2,24;22,00;0,00;28,00;33,00;21,74;17,00;1;Bell;8,40;500;144;28mm PCO 1881;n
PN007100_00;N000264_55;14,50;3,80;10,70;83,50;2,74;16,79;24,70;2,35;22,00;0,00;28,00;33,00;21,74;17,00;1;Bell;8,50;500;144;28mm PCO 1881;n
PN007028_00;N000140_59;14,50;3,80;10,70;67,90;3,75;17,66;25,50;2,96;22,50;0,00;28,00;33,00;21,74;17,00;1;Bell;12,80;500;128;28mm PCO 1881;n
PN005611_00;N000051_86;14,50;3,80;10,70;83,00;2,60;18,00;25,30;2,10;22,00;0,00;28,00;33,00;21,74;17,00;1;Bell;10,10;500;144;28mm PCO 1881;n
PN009937_00;N000311_35;14,40;1,98;12,42;86,00;2,35;20,20;25,00;2,00;17,90;24,68;26,00;30,00;21,74;12,90;1;Bell;7,80;350;128;26/22 mm;n
PN003399_00;N000051_86;14,40;3,80;10,60;86,50;2,30;18,34;25,30;2,00;22,00;0,00;28,00;33,00;21,74;17,00;1;Bell;8,70;500;128;28mm PCO 1881;n
PN008140_02;N000003_24;14,30;3,20;11,10;87,00;2,38;19,00;28,00;2,05;24,00;26,65;30,00;34,00;25,10;18,50;3;Bell;8,00;500;128;30/25 mm NECK FINISH LIGHT VER. 24;n
PN007234_00;N000264_49;14,30;3,10;11,20;81,00;2,61;19,00;25,50;2,22;22,00;0,00;28,00;32,00;21,74;17,00;1;Bell;10,50;500;128;28mm PCO 1881 LIGHT;n
PN004043_00;N000003_24;14,30;3,20;11,10;84,00;2,31;20,80;28,00;2,08;24,50;0,00;30,00;34,00;25,10;18,50;3;Bell;9,50;500;144;30/25 mm NECK FINISH LIGHT VER. 24;n
PN005707_00;N000187_75;14,20;4,40;9,80;71,13;1,95;22,55;36,50;1,95;21,50;0,00;38,00;43,00;33,40;16,50;3;Bell;7,20;350;96;38mm 3 LEADS;n
PN010226_01;N000264_34;14,10;3,80;10,30;75,20;2,90;17,80;25,50;2,23;23,00;23,40;28,00;33,00;21,74;17,00;1;Bell;9,90;160;60;28mm PCO 1881 ISBT-21;n
PN010226_00;N000264_34;14,10;3,80;10,30;75,20;2,90;17,80;25,50;2,23;23,00;23,40;28,00;33,00;21,74;17,00;1;Bell;9,90;160;60;28mm PCO 1881 ISBT-21;n
PN005659_00;N000051_86;14,10;3,80;10,30;73,00;2,60;20,00;25,70;2,21;22,00;0,00;28,00;33,00;21,74;17,00;1;Bell;8,40;250;48;28mm PCO 1881;n
PN010227_01;N000268_19;14,00;4,30;9,70;79,20;2,58;17,80;25,50;2,19;27,00;23,40;28,00;33,00;21,74;21,00;1;Bell;9,60;160;60;28mm PCO 1810 LIGHT;n
PN010227_00;N000268_19;14,00;4,30;9,70;79,20;2,58;17,80;25,50;2,19;27,00;23,40;28,00;33,00;21,74;21,00;1;Bell;9,60;160;60;28mm PCO 1810 LIGHT;n
PN009030_00;N000264_34;14,00;3,80;10,20;71,00;2,66;20,72;25,00;2,26;22,00;24,27;28,00;33,00;21,74;17,00;1;Bell;7,90;250;48;28mm PCO 1881 ISBT-21;n
PN008492_02;N000264_34;14,00;3,80;10,20;83,30;2,15;19,00;25,50;2,05;23,00;24,37;28,00;33,00;21,74;17,00;1;Bell;7,50;350;72;28mm PCO 1881 ISBT-21;n
PN007220_00;N000264_34;14,00;3,80;10,20;81,00;2,30;19,00;25,50;2,00;22,00;0,00;28,00;33,00;21,74;17,00;1;Bell;10,00;500;128;28mm PCO 1881 ISBT-21;n
PN005788_00;N000187_88;13,90;4,30;9,60;67,50;2,28;20,41;36,50;2,05;22,27;0,00;38,00;43,00;33,42;16,50;3;Bell;7,50;350;72;38mm 3 LEADS - BC VENTED;n
PN006549_00;N000264_40;13,70;3,80;9,90;66,00;3,17;19,97;24,70;2,30;22,00;0,00;28,00;33,00;21,74;17,00;1;Bell;9,00;500;144;28mm PCO 1881;n
PN003604_00;N000013_86;13,70;5,00;8,70;72,50;2,70;17,00;25,80;2,05;26,00;25,60;28,00;33,00;21,74;21,00;1;Bell;9,20;500;128;28mm PCO 1810;n
PN007911_00;N000264_34;13,60;3,80;9,80;76,20;2,40;18,81;25,50;2,20;23,00;23,97;28,00;33,00;21,74;17,00;1;Bell;7,80;500;144;28mm PCO 1881 ISBT-21;n
PN008920_01;N000114_05;13,55;2,40;11,15;80,85;2,47;18,15;28,00;2,29;17,60;26,51;29,00;32,50;25,10;12,60;3;Bell;7,70;500;180;29/25mm SHORTY NECK FINISH;n
PN008858_00;N000311_18;13,55;2,31;11,24;73,87;3,08;18,97;24,50;2,60;18,47;24,13;26,00;30,20;21,74;13,37;1;Bell;9,60;500;180;26/22 mm;n
PN009551_01;N000114_05;13,50;2,40;11,10;81,10;2,38;19,00;28,00;2,05;27,70;26,65;29,00;32,50;25,10;12,60;3;Bell;7,70;500;128;29/25mm SHORTY NECK FINISH;n
PN009551_01;N000114_05;13,50;2,40;11,10;81,10;2,38;19,00;28,00;2,05;27,70;26,65;29,00;32,50;25,10;12,60;3;Bell;7,70;500;128;29/25mm SHORTY NECK FINISH;n
PN008920_00;N000114_05;13,50;2,40;11,10;80,70;2,49;17,90;28,00;2,10;17,60;26,47;29,00;32,50;25,10;12,60;3;Bell;7,70;500;180;29/25mm SHORTY NECK FINISH;n
PN008485_00;N000311_14;13,50;2,59;10,91;80,00;2,54;19,00;25,00;2,24;21,00;23,55;26,00;31,50;21,74;15,06;1;Bell;7,90;350;96;26/22 mm;n
PN008235_00;N000300_31;13,50;4,55;8,95;65,00;2,30;20,20;35,50;1,84;24,50;33,02;38,00;41,00;32,40;17,50;2;Bell;7,70;350;72;38mm BERICAP;n
PN004240_00;N000111_46;13,50;1,74;11,76;87,50;2,15;21,00;24,60;1,95;17,00;0,00;26,00;29,00;22,03;11,85;3;Bell;8,70;500;128;26mm 3 LEADS;n
PN006898_00;N000264_53;13,40;3,80;9,60;65,00;3,22;18,73;25,70;2,57;23,00;0,00;28,00;33,00;21,74;17,00;1;Bell;8,50;500;144;28mm PCO 1881;n
PN005841_00;N000187_88;13,40;4,30;9,10;67,50;2,15;20,41;36,50;2,05;22,27;0,00;38,00;43,00;33,42;16,50;3;Bell;7,30;350;72;38mm 3 LEADS - BC VENTED;n
PN007237_00;N000264_49;13,30;3,10;10,20;81,00;2,30;19,00;25,50;2,00;22,00;0,00;28,00;32,00;21,74;17,00;1;Bell;9,90;500;128;28mm PCO 1881 LIGHT;n
PN006828_00;N000283_03;13,30;4,16;9,14;73,00;2,15;19,50;34,00;1,90;21,20;0,00;38,00;41,00;32,40;17,20;2;Bell;6,60;500;96;38mm 2 STARTS;n
PN009091_00;N000114_50;13,25;2,08;11,17;80,85;2,47;18,15;28,00;2,29;17,60;26,51;29,00;32,50;25,10;12,60;3;Bell;7,60;500;180;29/25mm SHORTY NECK FINISH;n
PN007137_00;N000264_55;13,20;3,80;9,40;83,50;2,20;16,79;24,70;1,90;22,00;0,00;28,00;33,00;21,74;17,00;1;Bell;7,60;500;144;28mm PCO 1881;n
PN007096_00;N000264_55;13,20;3,80;9,40;83,50;2,29;16,79;24,70;2,20;22,00;0,00;28,00;33,00;21,74;17,00;1;Bell;7,70;500;144;28mm PCO 1881;n
PN010558_00;N000264_94;13,00;3,80;9,20;65,70;3,36;17,70;25,60;2,47;22,00;24,12;28,00;33,00;21,74;17,00;1;Bell;9,30;500;180;28mm PCO 1881 ISBT-21;n
PN004035_02;N000232_01;13,00;3,40;9,60;81,20;2,50;19,00;25,70;2,00;26,60;0,00;28,00;32,00;23,00;21,60;1;Bell;8,70;500;128;28mm NECK FINISH;n
PN004035_01;N000232_00;13,00;4,60;8,40;78,60;2,28;17,40;25,70;2,00;26,60;26,60;28,00;32,00;21,74;21,60;1;Bell;10,10;500;128;28mm NECK FINISH;n
PN004035_00;N000013_86;13,00;5,00;8,00;78,00;2,08;17,40;25,70;2,00;26,00;0,00;28,00;33,00;21,74;21,00;1;Bell;10,10;500;128;28mm PCO 1810;n
PN008116_00;N000114_05;12,70;2,40;10,30;85,60;2,08;18,40;28,00;1,87;17,60;26,81;29,00;32,50;25,10;12,60;3;Bell;7,00;500;180;29/25mm SHORTY NECK FINISH;n
PN010539_01;N000140_59;12,60;3,80;8,80;71,00;2,20;19,50;25,50;2,00;22,00;25,17;28,00;33,00;21,74;17,00;1;Bell;7,60;500;200;28mm PCO 1881;n
PN008919_01;N000114_05;12,55;2,40;10,15;80,85;2,17;18,15;28,00;2,01;17,60;26,51;29,00;32,50;25,10;12,60;3;Bell;7,20;500;180;29/25mm SHORTY NECK FINISH;n
PN010469_00;N000114_05;12,50;2,40;10,10;81,10;2,16;18,59;27,95;2,00;16,65;27,06;29,00;32,50;25,10;12,60;3;Bell;7,20;250;96;29/25mm SHORTY NECK FINISH;n
PN009165_00;N000114_05;12,50;2,40;10,10;81,10;2,16;18,50;28,00;2,00;17,60;26,22;29,00;32,50;25,10;12,60;3;Bell;7,20;500;180;29/25mm SHORTY NECK FINISH;n
PN008919_00;N000114_05;12,50;2,40;10,10;80,70;2,18;17,90;28,00;1,90;17,60;26,47;29,00;32,50;25,10;12,60;3;Bell;7,20;500;180;29/25mm SHORTY NECK FINISH;n
PN007027_00;N000140_59;12,50;3,80;8,70;67,90;2,68;17,66;25,50;2,10;22,50;0,00;28,00;33,00;21,74;17,00;1;Bell;9,80;500;128;28mm PCO 1881;n
PN006476_00;N000114_05;12,50;2,40;10,10;81,10;2,16;18,59;28,00;2,00;18,00;0,00;29,00;32,50;25,10;12,60;3;Bell;7,20;350;128;29/25mm SHORTY NECK FINISH;n
PN006278_00;N000051_69;12,50;3,80;8,70;70,00;2,38;19,50;25,00;2,00;22,00;0,00;28,00;31,00;21,74;17,00;1;Bell;7,90;500;96;28mm PCO 1881 HF;s
PN004069_00;N000051_69;12,50;3,80;8,70;70,00;2,38;19,50;25,00;2,00;22,00;0,00;28,00;31,00;21,74;17,00;1;Bell;8,20;500;96;28mm PCO 1881 HF;s
PN003535_03;N000114_05;12,50;2,40;10,10;74,50;2,80;17,29;28,00;2,38;17,60;0,00;29,00;32,50;25,10;12,60;3;Bell;9,10;500;96;29/25mm SHORTY NECK FINISH;n
PN009244_00;N000114_05;12,48;2,40;10,08;81,10;2,14;18,59;28,00;2,00;17,50;26,35;29,00;32,50;25,10;12,60;3;Bell;7,60;500;180;29/25mm SHORTY NECK FINISH;n
PN008095_00;N000311_05;12,30;2,41;9,89;61,90;3,17;19,97;24,70;2,30;17,90;0,00;26,00;31,00;21,74;12,90;1;Bell;8,50;500;144;26/22 mm 30.37 GME;n
PN009087_00;N000114_50;12,25;2,08;10,17;80,85;2,17;18,15;28,00;2,01;17,60;26,51;29,00;32,50;25,10;12,60;3;Bell;7,10;500;180;29/25mm SHORTY NECK FINISH;n
PN009553_00;N000114_05;12,20;2,40;9,80;81,10;2,00;19,00;28,00;1,95;27,70;26,65;29,00;32,50;25,10;12,60;3;Bell;7,50;500;128;29/25mm SHORTY NECK FINISH;n
PN009553_00;N000114_05;12,20;2,40;9,80;81,10;2,00;19,00;28,00;1,95;27,70;26,65;29,00;32,50;25,10;12,60;3;Bell;7,50;500;128;29/25mm SHORTY NECK FINISH;n
PN009166_00;N000114_50;12,20;2,08;10,12;81,10;2,16;18,50;28,00;2,00;17,60;26,22;29,00;32,50;25,10;12,60;3;Bell;7,10;500;180;29/25mm SHORTY NECK FINISH;n
PN010614_00;N000114_05;12,00;2,40;9,60;77,10;2,08;19,30;28,00;1,98;18,60;26,17;29,00;32,50;25,10;12,60;3;Bell;7,10;250;72;29/25mm SHORTY NECK FINISH;n
PN010605_00;N000114_05;12,00;2,40;9,60;77,10;2,32;18,00;28,00;2,05;18,60;25,89;29,00;32,50;25,10;12,60;3;Bell;7,30;250;72;29/25mm SHORTY NECK FINISH;n
PN008603_00;N000140_65;12,00;3,47;8,53;62,00;2,82;20,00;25,00;2,54;21,00;24,55;28,00;31,00;21,74;17,00;1;Bell;8,60;250;96;28mm PCO;n
PN006713_00;N000232_01;11,93;3,40;8,53;81,20;2,05;19,00;25,70;1,95;26,60;0,00;28,00;32,00;23,00;21,60;1;Bell;9,90;500;128;28mm NECK FINISH;n
PN008217_02;N000114_31;11,90;2,50;9,40;76,80;2,07;19,50;28,00;1,85;17,00;27,46;29,00;33,50;25,10;12,60;3;Bell;6,90;350;128;29/25mm SHORTY NECK FINISH;n
PN010300_03;N000114_63;11,80;2,47;9,33;76,70;1,89;20,30;28,00;1,80;18,10;26,08;29,00;33,50;25,10;12,60;3;Bell;6,70;350;128;29/25mm SHORTY NECK FINISH;n
PN010300_03;N000114_63;11,80;2,47;9,33;76,70;1,89;20,30;28,00;1,80;18,10;26,08;29,00;33,50;25,10;12,60;3;Bell;6,70;350;128;29/25mm SHORTY NECK FINISH;n
PN008959_02;N000264_34;11,80;3,80;8,00;65,00;2,80;17,36;25,70;2,22;22,00;24,14;28,00;33,00;21,74;17,00;1;Bell;8,10;500;180;28mm PCO 1881 ISBT-21;n
PN008959_01;N000264_34;11,80;3,80;8,00;65,00;2,74;17,60;25,70;2,18;22,00;24,18;28,00;33,00;21,74;17,00;1;Bell;8,00;500;180;28mm PCO 1881 ISBT-21;n
PN008903_00;N000264_34;11,60;3,80;7,80;66,91;2,32;18,02;25,70;1,90;21,00;25,22;28,00;33,00;21,74;17,00;1;Bell;7,70;500;180;28mm PCO 1881 ISBT-21;n
PN008918_01;N000114_05;11,55;2,40;9,15;80,85;1,88;18,15;28,00;1,74;17,60;26,51;29,00;32,50;25,10;12,60;3;Bell;6,80;500;180;29/25mm SHORTY NECK FINISH;n
PN010285_01;N000114_21;11,50;2,10;9,40;71,30;2,55;18,19;27,70;2,04;17,60;25,44;29,00;32,50;25,10;12,60;3;Bell;7,20;350;128;29/25mm SHORTY NECK FINISH;n
PN010300_00;N000114_54;11,50;2,35;9,15;76,70;1,84;20,30;28,00;1,80;18,10;26,08;29,00;32,50;25,15;12,60;3;Bell;6,50;350;128;29/25mm SHORTY NECK FINISH;n
PN010214_01;N000218_00;11,50;2,05;9,45;70,20;2,91;17,80;24,25;2,18;18,00;23,40;26,00;29,25;21,74;12,00;1;Bell;9,40;160;60;26mm GRAVITY 2;n
PN010214_00;N000218_00;11,50;2,05;9,45;70,20;2,91;17,80;24,25;2,18;18,00;23,40;26,00;29,25;21,74;12,00;1;Bell;9,40;160;60;26mm GRAVITY 2;n
PN009142_02;N000114_05;11,50;2,40;9,10;78,00;2,14;18,00;27,60;1,84;17,60;26,11;29,00;32,50;25,10;12,60;3;Bell;7,10;250;96;29/25mm SHORTY NECK FINISH;n
PN009160_00;N000114_05;11,50;2,40;9,10;81,10;1,88;18,50;28,00;1,74;17,60;26,22;29,00;32,50;25,10;12,60;3;Bell;6,80;500;180;29/25mm SHORTY NECK FINISH;n
PN008918_00;N000114_05;11,50;2,40;9,10;80,70;1,88;17,90;28,00;1,75;17,60;26,46;29,00;32,50;25,10;12,60;3;Bell;6,80;500;180;29/25mm SHORTY NECK FINISH;n
PN009965_00;N000006_65;11,40;0,77;10,63;76,00;2,50;18,61;21,80;2,00;11,00;31,34;24,00;25,80;20,00;6,00;0;Bell;7,40;350;128;24mm SNAP FLANGE;n
PN007703_00;N000170_16;11,40;1,94;9,46;74,00;2,53;17,82;24,25;2,28;17,00;23,48;26,00;29,25;21,74;12,00;3;Bell;7,50;250;72;26/12 EXALITE;n
PN008216_02;N000114_31;11,30;2,50;8,80;76,80;1,89;19,50;28,00;1,77;17,00;27,46;29,00;33,50;25,10;12,60;3;Bell;6,70;350;128;29/25mm SHORTY NECK FINISH;n
PN009080_00;N000114_50;11,25;2,08;9,17;80,85;1,88;18,15;28,00;1,74;17,60;26,51;29,00;32,50;25,10;12,60;3;Bell;6,70;500;180;29/25mm SHORTY NECK FINISH;n
PN009162_00;N000114_50;11,20;2,08;9,12;81,10;1,88;18,50;28,00;1,74;17,60;26,22;29,00;32,50;25,10;12,60;3;Bell;6,70;500;180;29/25mm SHORTY NECK FINISH;n
PN008903_01;N000264_34;11,20;3,80;7,40;66,91;2,14;18,02;25,70;1,80;21,00;25,22;28,00;33,00;21,74;17,00;1;Bell;7,60;500;180;28mm PCO 1881 ISBT-21;n
PN009735_01;N000276_02;11,00;2,70;8,30;65,30;2,87;19,24;21,00;2,38;16,00;28,00;24,00;28,00;18,50;16,30;1;Bell;9,60;500;180;PCO 2519;n
PN008903_02;N000264_34;11,00;3,80;7,20;66,91;2,05;18,02;25,70;1,80;21,00;25,22;28,00;33,00;21,74;17,00;1;Bell;7,60;500;180;28mm PCO 1881 ISBT-21;n
PN008171_00;N000111_37;11,00;1,72;9,28;75,00;2,16;19,50;24,50;2,00;17,00;0,00;26,00;30,50;22,03;11,85;3;Bell;6,60;500;128;26mm 969-1901-000;n
PN007718_00;N000170_17;11,00;1,55;9,45;74,00;2,53;17,82;24,25;2,28;17,00;23,48;26,00;29,25;21,74;12,00;3;Bell;7,50;250;72;26/22 NECK FINISH EXALITE;n
PN006843_00;N000232_01;11,00;3,40;7,60;81,20;2,05;15,70;25,70;2,00;26,60;0,00;28,00;32,00;23,00;21,60;1;Bell;9,70;500;128;28mm NECK FINISH;n
PN006688_00;N000111_37;11,00;1,72;9,28;75,00;2,16;19,50;24,50;2,00;17,00;0,00;26,00;30,50;22,03;11,85;3;Bell;6,00;350;96;26mm 969-1901-000;n
PN007340_00;N000114_39;10,91;2,11;8,80;77,50;2,02;18,30;27,70;1,95;20,00;25,53;29,00;32,50;25,10;12,60;3;Bell;8,00;500;128;29/25mm SHORTY NECK FINISH;n
PN009897_00;N000264_94;10,90;3,80;7,10;65,70;2,20;17,70;25,60;2,00;22,00;24,12;28,00;33,00;21,74;17,00;1;Bell;7,60;500;180;28mm PCO 1881 ISBT-21;n
PN009250_01;N000264_34;10,90;3,80;7,10;65,00;2,32;17,36;25,70;1,99;22,00;24,14;28,00;33,00;21,74;17,00;1;Bell;7,60;500;180;28mm PCO 1881 ISBT-21;n
PN009250_00;N000264_34;10,90;3,80;7,10;65,00;2,27;17,60;25,70;1,95;22,00;24,18;28,00;33,00;21,74;17,00;1;Bell;7,60;500;180;28mm PCO 1881 ISBT-21;n
PN008215_02;N000114_31;10,80;2,50;8,30;76,80;1,74;19,50;28,00;1,71;17,00;27,46;29,00;33,50;25,10;12,60;3;Bell;6,40;350;128;29/25mm SHORTY NECK FINISH;n
PN008903_03;N000264_34;10,70;3,80;6,90;66,91;1,91;18,02;25,70;1,80;21,00;25,22;28,00;33,00;21,74;17,00;1;Bell;7,60;500;180;28mm PCO 1881 ISBT-21;n
PN003535_01;N000114_15;10,50;2,50;8,00;74,50;2,00;17,29;28,00;1,90;17,60;0,00;29,00;33,50;25,10;12,60;3;Bell;7,50;500;96;29/25mm SHORTY NECK FINISH;n
PN003535_00;N000114_15;10,50;2,50;8,00;74,50;2,00;17,29;28,00;1,90;17,60;0,00;29,00;33,50;25,10;12,60;3;Bell;7,50;500;96;29/25mm SHORTY NECK FINISH;n
PN008214_04;N000114_31;10,40;2,50;7,90;72,00;1,87;18,70;28,00;1,74;17,00;27,46;29,00;33,50;25,10;12,60;3;Bell;6,40;350;128;29/25mm SHORTY NECK FINISH;n
PN008275_00;N000114_31;10,40;2,50;7,90;71,00;2,10;17,55;28,00;1,93;19,10;25,19;29,00;33,50;25,10;12,60;3;Bell;6,70;350;128;29/25mm SHORTY NECK FINISH;n
PN007844_05;N000311_28;10,04;2,68;7,36;77,06;1,82;17,40;24,30;1,82;20,60;23,05;26,00;33,00;21,74;15,06;1;Bell;8,30;500;128;26/22 mm;n
PN010285_00;N000114_05;10,00;2,40;7,60;67,00;2,12;17,68;28,00;1,95;17,60;25,57;29,00;32,50;25,10;12,60;3;Bell;6,90;350;128;29/25mm SHORTY NECK FINISH;n
PN008975_00;N000114_50;10,00;2,08;7,92;70,10;2,18;16,73;28,00;1,96;17,50;26,96;29,00;32,50;25,10;12,60;3;Bell;6,60;500;180;29/25mm SHORTY NECK FINISH;n
PN008484_00;N000311_14;10,00;2,59;7,41;68,00;2,01;18,50;25,00;1,77;21,00;23,43;26,00;31,50;21,74;15,06;1;Bell;6,90;350;96;26/22 mm;n
PN007044_00;N000114_05;10,00;2,40;7,60;72,00;1,90;17,30;28,00;1,80;17,60;0,00;29,00;32,50;25,10;12,60;3;Bell;6,50;500;180;29/25mm SHORTY NECK FINISH;n
PN007043_00;N000114_05;10,00;2,40;7,60;68,00;2,17;16,80;28,00;1,80;17,50;0,00;29,00;32,50;25,10;12,60;3;Bell;6,70;500;180;29/25mm SHORTY NECK FINISH;n
PN008273_00;N000114_31;9,90;2,50;7,40;71,00;1,91;17,55;28,00;1,81;19,10;25,19;29,00;33,50;25,10;12,60;3;Bell;6,30;350;128;29/25mm SHORTY NECK FINISH;n
PN008097_00;N000114_05;9,80;2,40;7,40;72,00;1,80;18,00;27,80;1,80;17,50;0,00;29,00;32,50;25,10;12,60;3;Bell;6,30;500;180;29/25mm SHORTY NECK FINISH;n
PN007044_01;N000114_05;9,80;2,40;7,40;71,00;1,87;17,30;28,00;1,80;17,60;0,00;29,00;32,50;25,10;12,60;3;Bell;6,50;500;180;29/25mm SHORTY NECK FINISH;n
PN007043_01;N000114_05;9,80;2,40;7,40;68,00;2,09;16,80;28,00;1,73;17,50;0,00;29,00;32,50;25,10;12,60;3;Bell;6,80;500;180;29/25mm SHORTY NECK FINISH;n
PN007844_03;N000311_28;9,75;2,68;7,07;74,00;1,87;17,18;24,50;1,87;20,00;23,04;26,00;33,00;21,74;15,06;1;Bell;8,30;500;128;26/22 mm;n
PN007844_02;N000311_26;9,75;2,37;7,38;76,00;1,87;17,40;24,50;1,87;20,00;23,08;26,00;33,00;21,74;15,06;1;Bell;8,30;500;128;26/22 mm;n
PN008974_00;N000114_05;9,70;2,40;7,30;70,10;1,93;16,73;28,00;1,78;17,50;26,96;29,00;32,50;25,10;12,60;3;Bell;6,50;500;180;29/25mm SHORTY NECK FINISH;n
PN007699_00;N000170_16;9,70;1,94;7,76;74,00;1,92;17,82;24,25;1,88;17,00;23,48;26,00;29,25;21,74;12,00;3;Bell;6,50;250;72;26/12 EXALITE;n
PN010468_00;N000114_05;9,50;2,40;7,10;68,40;1,80;17,90;27,95;1,73;16,65;27,06;29,00;32,50;25,10;12,60;3;Bell;6,70;250;96;29/25mm SHORTY NECK FINISH;n
PN010216_01;N000218_00;9,50;2,05;7,45;70,20;2,03;17,80;24,25;1,91;18,00;23,40;26,00;29,25;21,74;12,00;1;Bell;7,50;160;60;26mm GRAVITY 2;n
PN010216_00;N000218_00;9,50;2,05;7,45;70,20;2,03;17,80;24,25;1,91;18,00;23,40;26,00;29,25;21,74;12,00;1;Bell;7,50;160;60;26mm GRAVITY 2;n
PN006515_00;N000114_05;9,50;2,40;7,10;68,40;1,80;17,90;27,95;1,73;18,00;0,00;29,00;32,50;25,10;12,60;3;Bell;6,40;350;128;29/25mm SHORTY NECK FINISH;n
PN010151_00;N000114_50;9,40;2,08;7,32;70,10;1,93;16,73;28,00;1,78;17,50;26,96;29,00;32,50;25,10;12,60;3;Bell;7,50;500;180;29/25mm SHORTY NECK FINISH;n
PN008976_00;N000114_50;9,40;2,08;7,32;70,10;1,93;16,73;28,00;1,78;17,50;26,96;29,00;32,50;25,10;12,60;3;Bell;6,40;500;180;29/25mm SHORTY NECK FINISH;n
PN007717_00;N000170_17;9,32;1,55;7,77;74,00;1,92;17,82;24,25;1,88;17,00;23,48;26,00;29,25;21,74;12,00;3;Bell;6,50;250;72;26/22 NECK FINISH EXALITE;n
PN008221_03;N000114_31;9,30;2,50;6,80;68,00;1,85;17,07;28,00;1,76;17,00;27,46;29,00;33,50;25,10;12,60;3;Bell;6,30;350;128;29/25mm SHORTY NECK FINISH;n
PN008271_00;N000114_31;9,30;2,50;6,80;71,00;1,70;17,55;28,00;1,70;19,10;25,19;29,00;33,50;25,10;12,60;3;Bell;6,10;350;128;29/25mm SHORTY NECK FINISH;n
PN007811_00;N000114_05;9,30;2,40;6,90;70,00;1,76;17,50;27,50;1,76;27,60;0,00;29,00;32,50;25,10;12,60;3;Bell;8,00;500;128;29/25mm SHORTY NECK FINISH;n
PN008916_00;N000114_05;9,10;2,40;6,70;68,00;1,94;15,50;28,00;1,80;17,60;25,78;29,00;32,50;25,10;12,60;3;Bell;6,40;500;180;29/25mm SHORTY NECK FINISH;n
PN006922_01;N000114_05;9,10;2,40;6,70;68,00;1,80;16,80;28,00;1,80;17,50;0,00;29,00;32,50;25,10;12,60;3;Bell;6,50;500;180;29/25mm SHORTY NECK FINISH;n
PN006922_00;N000114_05;9,10;2,40;6,70;70,00;1,85;16,80;27,40;1,80;16,20;0,00;29,00;32,50;25,10;12,60;3;Bell;6,30;500;180;29/25mm SHORTY NECK FINISH;n
PN010466_00;N000114_05;9,00;2,40;6,60;65,00;1,80;17,40;28,00;1,80;17,60;26,23;29,00;32,50;25,10;12,60;3;Bell;6,40;500;144;29/25mm SHORTY NECK FINISH;n
PN008220_00;N000114_05;9,00;2,40;6,60;65,00;1,96;17,50;27,50;1,80;17,60;26,59;29,00;32,50;25,10;12,60;3;Bell;6,50;350;128;29/25mm SHORTY NECK FINISH;n
PN007826_00;N000114_39;9,00;2,11;6,89;70,00;1,76;17,50;27,50;1,76;27,60;24,38;29,00;32,50;25,10;12,60;3;Bell;8,00;500;128;29/25mm SHORTY NECK FINISH;n
PN006311_00;N000114_05;9,00;2,40;6,60;66,20;1,76;17,60;28,00;1,76;17,60;0,00;29,00;32,50;25,10;12,60;3;Bell;6,70;500;144;29/25mm SHORTY NECK FINISH;n
PN008268_02;N000114_31;8,90;2,50;6,40;68,00;1,69;16,80;28,00;1,69;17,00;27,46;29,00;33,50;25,10;12,60;3;Bell;6,10;350;128;29/25mm SHORTY NECK FINISH;n
PN008917_01;N000114_50;8,80;2,08;6,72;68,00;1,94;15,50;28,00;1,80;17,60;25,78;29,00;32,50;25,10;12,60;3;Bell;6,30;500;180;29/25mm SHORTY NECK FINISH;n
PN010327_01;N000114_50;8,60;2,08;6,52;70,00;1,72;16,81;27,40;1,72;16,60;26,29;29,00;32,50;25,10;12,60;3;Bell;6,00;500;200;29/25mm SHORTY NECK FINISH;n
PN008915_01;N000114_05;8,55;2,40;6,15;68,00;1,68;15,50;28,00;1,68;17,60;25,78;29,00;32,50;25,10;12,60;3;Bell;6,20;500;180;29/25mm SHORTY NECK FINISH;n
PN008915_00;N000114_05;8,50;2,40;6,10;68,00;1,66;15,50;28,00;1,66;17,60;25,78;29,00;32,50;25,10;12,60;3;Bell;6,20;500;180;29/25mm SHORTY NECK FINISH;n
PN008219_00;N000114_05;8,50;2,40;6,10;65,00;1,75;17,50;27,50;1,75;17,60;26,59;29,00;32,50;25,10;12,60;3;Bell;6,10;350;128;29/25mm SHORTY NECK FINISH;n
PN006832_00;N000111_14;8,50;1,63;6,87;62,27;2,21;17,29;24,37;2,00;15,90;0,00;26,00;30,00;21,83;11,60;3;Bell;6,30;500;180;26mm 3 LEADS;n
PN005614_02;N000111_56;8,50;1,60;6,90;72,23;1,75;16,45;24,50;1,70;16,83;0,00;26,00;32,00;21,83;11,83;3;Bell;6,00;250;48;26mm CORVAGLIA;n
PN003144_05;N000111_37;8,45;1,72;6,73;69,00;1,94;16,80;24,50;1,90;17,00;0,00;26,00;30,50;22,03;11,85;3;Bell;7,00;500;128;26mm 969-1901-000;n
PN008914_01;N000114_50;8,25;2,08;6,17;68,00;1,68;15,50;28,00;1,68;17,60;25,78;29,00;32,50;25,10;12,60;3;Bell;6,10;500;180;29/25mm SHORTY NECK FINISH;n
PN008914_00;N000114_21;8,20;2,10;6,10;68,00;1,66;15,50;28,00;1,66;17,60;25,78;29,00;32,50;25,10;12,60;3;Bell;6,10;500;180;29/25mm SHORTY NECK FINISH;n
PN004239_00;N000111_46;8,20;1,74;6,46;67,50;1,80;17,65;24,60;1,78;17,00;0,00;26,00;29,00;22,03;11,85;3;Bell;7,70;500;128;26mm 3 LEADS;n
PN008267_00;N000114_31;8,00;2,50;5,50;56,00;1,94;16,60;28,00;1,84;19,10;24,94;29,00;33,50;25,10;12,60;3;Bell;6,20;350;128;29/25mm SHORTY NECK FINISH;n
PN007075_00;N000114_05;7,90;2,40;5,50;59,50;1,68;16,80;28,00;1,68;18,00;0,00;29,00;32,50;25,10;12,60;3;Bell;6,30;500;180;29/25mm SHORTY NECK FINISH;n
PN006915_02;N000114_05;7,90;2,40;5,50;58,00;1,81;16,20;28,00;1,81;18,00;0,00;29,00;32,50;25,10;12,60;3;Bell;6,40;500;180;29/25mm SHORTY NECK FINISH;n
PN009158_00;N000114_05;7,75;2,40;5,35;60,57;1,65;16,55;28,00;1,65;16,10;26,72;29,00;32,50;25,10;12,60;3;Bell;6,20;500;180;29/25mm SHORTY NECK FINISH;n
PN008270_00;N000114_31;7,50;2,50;5,00;56,00;1,68;16,60;28,00;1,68;19,10;24,94;29,00;33,50;25,10;12,60;3;Bell;6,00;350;128;29/25mm SHORTY NECK FINISH;n
PN008099_00;N000114_05;7,50;2,40;5,10;53,50;2,02;16,36;27,80;1,95;17,20;0,00;29,00;32,50;25,10;12,60;3;Bell;6,10;500;180;29/25mm SHORTY NECK FINISH;n
PN007533_00;N000114_05;7,50;2,40;5,10;58,00;1,72;16,47;27,40;1,72;17,50;0,00;29,00;32,50;25,10;12,60;3;Bell;6,20;500;180;29/25mm SHORTY NECK FINISH;n
PN006915_01;N000114_05;7,50;2,40;5,10;58,00;1,62;16,20;28,00;1,62;18,00;0,00;29,00;32,50;25,10;12,60;3;Bell;6,20;500;180;29/25mm SHORTY NECK FINISH;n
PN006915_00;N000114_05;7,50;2,40;5,10;61,50;1,63;16,40;27,40;1,63;16,20;0,00;29,00;32,50;25,10;12,60;3;Bell;5,90;500;180;29/25mm SHORTY NECK FINISH;n
PN009159_00;N000114_50;7,45;2,08;5,37;60,57;1,65;16,55;28,00;1,65;16,10;26,72;29,00;32,50;25,10;12,60;3;Bell;5,90;500;180;29/25mm SHORTY NECK FINISH;n
PN010326_00;N000114_50;7,30;2,08;5,22;58,10;1,81;16,28;27,40;1,80;16,10;27,40;29,00;32,50;25,10;12,60;3;Bell;6,10;500;200;29/25mm SHORTY NECK FINISH;n
PN008911_01;N000114_50;7,25;2,08;5,17;52,00;1,93;16,80;28,00;1,73;16,10;26,88;29,00;32,50;25,10;12,60;3;Bell;6,20;500;180;29/25mm SHORTY NECK FINISH;n
PN008115_00;N000114_21;7,20;2,10;5,10;58,00;1,72;16,47;27,40;1,72;17,50;25,77;29,00;32,50;25,10;12,60;3;Bell;5,80;500;180;29/25mm SHORTY NECK FINISH;n
PN008910_01;N000114_50;6,80;2,08;4,72;52,00;1,65;16,80;28,00;1,65;16,10;26,88;29,00;32,50;25,10;12,60;3;Bell;5,90;500;180;29/25mm SHORTY NECK FINISH;n
PN008910_00;N000114_21;6,80;2,10;4,70;52,00;1,65;16,80;28,00;1,65;16,10;26,88;29,00;32,50;25,10;12,60;3;Bell;5,90;500;180;29/25mm SHORTY NECK FINISH;n
PN008101_00;N000114_05;6,80;2,40;4,40;53,50;1,62;16,36;27,80;1,62;17,20;0,00;29,00;32,50;25,10;12,60;3;Bell;5,90;500;180;29/25mm SHORTY NECK FINISH;n
PN010426_00;N000114_50;6,60;2,08;4,52;51,40;1,76;16,85;27,50;1,76;16,60;25,46;29,00;32,50;25,10;12,60;3;Bell;6,10;250;96;29/25mm SHORTY NECK FINISH;n
PN008996_00;N000114_21;6,50;2,10;4,40;53,50;1,60;16,47;27,40;1,60;16,80;25,99;29,00;32,50;25,10;12,60;3;Bell;5,90;500;180;29/25mm SHORTY NECK FINISH;n
PN009939_02;N000332_01;5,80;1,20;4,60;52,00;2,10;14,59;21,00;2,05;9,20;26,00;25,00;26,00;18,50;9,50;3;Bell;6,10;500;200;22mm 3 LEADS;n
PN010283_01;N000121_03;5,70;1,30;4,40;58,00;1,65;14,90;22,86;1,65;13,50;21,05;26,00;27,50;20,90;8,49;0;Bell;5,40;250;48;26/21mm NECK FINISH;n
PN009979_00;N000006_58;5,20;1,15;4,05;46,50;1,62;17,03;21,00;1,61;7,20;26,00;26,00;26,00;22,00;7,50;0;Bell;5,50;500;200;26mm SNAP FLANGE;n
