Drawing;EOAT;TON;cavitation;cycletime
PN003625_00;3;160;60;7
PN004768_00;3;160;60;7,3
PN008984_00;3;160;60;9,7
PN300211_00;3;160;60;11,7
PN002420_00;3;160;60;11,7
PN003320_00;3;160;60;12,1
PN008083_00;3;160;60;14
PN008729_00;3;160;60;14,5
PN005593_02;3;160;60;19
PN006962_01;3;160;60;60
PN007411_00;3;160;60;12,5
PN008784_00;3;160;60;12,5
PN007921_00;3;160;60;12,5
PN007213_00;3;160;60;11,5
PS004517_00;3;160;60;16
PN005829_00;3;160;60;15,5
PN007964_00;3;160;60;16
PN006205_00;3;160;60;17
PN004758_00;3;160;60;16,7
PN007632_00;3;160;60;17
PN003576_00;3;160;60;17
PN003575_00;3;160;60;18,5
PN007956_00;3;160;60;19
PN002959_00;3;160;60;9,5
PN001075_02;3;160;60;10,5
PN000102_00;3;160;60;13,5
PN000297_01;3;160;60;15
PN004571_01;3;160;60;7,3
PN004571_02;3;160;60;7,3
PN008395_00;3;160;60;12,5
PN005636_00;3;160;60;13,7
PN006020_00;3;160;60;14
PN004185_01;3;160;60;14,3
PN006984_00;3;160;60;14,5
PN006753_00;3;160;60;15
PN008814_01;3;160;60;7
PN009957_01;3;160;60;7,2
PN005419_00;3;160;60;9,3
PN006427_00;3;160;60;9,3
PN006075_00;3;160;60;12,5
PN005592_00;3;160;60;17,5
PN003242_00;3;160;60;12,7
PN004110_01;3;160;60;10,4
PN300062_00;3;160;60;14,5
PN300703_00;3;160;60;14
PN005892_00;3;160;60;9,1
PN004724_00;3;160;60;12
PN006020_00;3;160;60;14
PN004258_02;3;160;60;9,7
PN008784_00;3;160;60;12,5
PN007921_00;3;160;60;12,5
PN005829_00;3;160;60;15,5
PN007964_00;3;160;60;16
PN006205_00;3;160;60;17
PN007632_00;3;160;60;17
PN003575_00;3;160;60;18,5
PN007956_00;3;160;60;19
PN003625_00;3;250;96;6,2
PN004768_00;3;250;96;6,4
PN008984_00;3;250;96;8,3
PN300211_00;3;250;96;10,2
PN002420_00;3;250;96;10,1
PN003320_00;3;250;96;10,6
PN008083_00;3;250;96;11,8
PN008729_00;3;250;96;12,6
PN005593_02;3;250;96;16,9
PN006962_01;3;250;96;45
PN007411_00;3;250;96;9,3
PN008784_00;3;250;96;9,3
PN007921_00;3;250;96;9,3
PN007213_00;3;250;96;8,9
PS004517_00;3;250;96;13,2
PN005829_00;3;250;96;12,5
PN007964_00;3;250;96;13
PN006205_00;3;250;96;14,4
PN004758_00;3;250;96;13,7
PN007632_00;3;250;96;15,5
PN003576_00;3;250;96;15,6
PN003575_00;3;250;96;17
PN007956_00;3;250;96;17,5
PN002959_00;3;250;96;8,3
PN001075_02;3;250;96;9,3
PN000102_00;3;250;96;11,8
PN000297_01;3;250;96;14,3
PN004571_01;3;250;96;6,5
PN004571_02;3;250;96;6,5
PN008395_00;3;250;96;9,3
PN005636_00;3;250;96;11,5
PN006020_00;3;250;96;11,8
PN004185_01;3;250;96;12,1
PN006984_00;3;250;96;12,5
PN006753_00;3;250;96;12,6
PN008814_01;3;250;96;6,2
PN009957_01;3;250;96;6,3
PN005419_00;3;250;96;8,4
PN006427_00;3;250;96;8,4
PN006075_00;3;250;96;10,9
PN005592_00;3;250;96;15,2
PN003242_00;3;250;96;9,5
PN004110_01;3;250;96;8,8
PN300062_00;3;250;96;12,2
PN300703_00;3;250;96;11,8
PN005892_00;3;250;96;8,3
PN004724_00;3;250;96;10,4
PN006020_00;3;250;96;11,8
PN004258_02;3;250;96;8,3
PN008784_00;3;250;96;9,3
PN007921_00;3;250;96;9,3
PN005829_00;3;250;96;12,5
PN007964_00;3;250;96;13
PN006205_00;3;250;96;14,4
PN007632_00;3;250;96;15,5
PN003575_00;3;250;96;17
PN007956_00;3;250;96;17,5
PN003625_00;4;250;96;6,2
PN004768_00;4;250;96;6,5
PN008984_00;4;250;96;7,8
PN300211_00;4;250;96;9,7
PN002420_00;4;250;96;9,6
PN003320_00;4;250;96;10,1
PN008083_00;4;250;96;11,2
PN008729_00;4;250;96;12
PN005593_02;4;250;96;16
PN006962_01;4;250;96;40
PN007411_00;4;250;96;8,7
PN008784_00;4;250;96;8,7
PN007921_00;4;250;96;8,7
PN007213_00;4;250;96;8,6
PS004517_00;4;250;96;12,5
PN005829_00;4;250;96;11,9
PN007964_00;4;250;96;12,4
PN006205_00;4;250;96;13,6
PN004758_00;4;250;96;13,1
PN007632_00;4;250;96;14,7
PN003576_00;4;250;96;14,8
PN003575_00;4;250;96;16
PN007956_00;4;250;96;16,5
PN002959_00;4;250;96;8
PN001075_02;4;250;96;9
PN000102_00;4;250;96;11,3
PN000297_01;4;250;96;13,6
PN004571_01;4;250;96;6,5
PN004571_02;4;250;96;6,5
PN008395_00;4;250;96;8,7
PN005636_00;4;250;96;10,9
PN006020_00;4;250;96;11,2
PN004185_01;4;250;96;11,5
PN006984_00;4;250;96;11,9
PN006753_00;4;250;96;12
PN008814_01;4;250;96;6,2
PN009957_01;4;250;96;6,4
PN005419_00;4;250;96;7,9
PN006427_00;4;250;96;7,9
PN006075_00;4;250;96;10,4
PN005592_00;4;250;96;14,2
PN003242_00;4;250;96;8,9
PN004110_01;4;250;96;8,3
PN300062_00;4;250;96;10,9
PN300703_00;4;250;96;11,2
PN005892_00;4;250;96;7,6
PN004724_00;4;250;96;9,9
PN006020_00;4;250;96;11,2
PN004258_02;4;250;96;7,7
PN008784_00;4;250;96;8,7
PN007921_00;4;250;96;8,7
PN005829_00;4;250;96;11,9
PN007964_00;4;250;96;12,4
PN006205_00;4;250;96;13,6
PN007632_00;4;250;96;14,7
PN003575_00;4;250;96;16
PN007956_00;4;250;96;16,5
PN003625_00;3;350;96;6,2
PN004768_00;3;350;96;6,4
PN008984_00;3;350;96;8,3
PN300211_00;3;350;96;10,2
PN002420_00;3;350;96;10,1
PN003320_00;3;350;96;10,6
PN008083_00;3;350;96;11,8
PN008729_00;3;350;96;12,6
PN005593_02;3;350;96;16,9
PN006962_01;3;350;96;45
PN007411_00;3;350;96;9,3
PN008784_00;3;350;96;9,3
PN007921_00;3;350;96;9,3
PN007213_00;3;350;96;8,9
PS004517_00;3;350;96;13,2
PN005829_00;3;350;96;12,5
PN007964_00;3;350;96;13
PN006205_00;3;350;96;14,4
PN004758_00;3;350;96;13,7
PN007632_00;3;350;96;15,5
PN003576_00;3;350;96;15,6
PN003575_00;3;350;96;17
PN007956_00;3;350;96;17,5
PN002959_00;3;350;96;8,3
PN001075_02;3;350;96;9,3
PN000102_00;3;350;96;11,8
PN000297_01;3;350;96;14,3
PN004571_01;3;350;96;6,5
PN004571_02;3;350;96;6,5
PN008395_00;3;350;96;9,3
PN005636_00;3;350;96;11,5
PN006020_00;3;350;96;11,8
PN004185_01;3;350;96;12,1
PN006984_00;3;350;96;12,5
PN006753_00;3;350;96;12,6
PN008814_01;3;350;96;6,2
PN009957_01;3;350;96;6,3
PN005419_00;3;350;96;8,4
PN006427_00;3;350;96;8,4
PN006075_00;3;350;96;10,9
PN005592_00;3;350;96;15,2
PN003242_00;3;350;96;9,5
PN004110_01;3;350;96;8,8
PN300062_00;3;350;96;12,2
PN300703_00;3;350;96;11,8
PN005892_00;3;350;96;8,3
PN004724_00;3;350;96;10,4
PN006020_00;3;350;96;11,8
PN004258_02;3;350;96;8,3
PN008784_00;3;350;96;9,3
PN007921_00;3;350;96;9,3
PN005829_00;3;350;96;12,5
PN007964_00;3;350;96;13
PN006205_00;3;350;96;14,4
PN007632_00;3;350;96;15,5
PN003575_00;3;350;96;17
PN007956_00;3;350;96;17,5
PN003625_00;3;350;128;6,2
PN004768_00;3;350;128;6,5
PN008984_00;3;350;128;8,4
PN300211_00;3;350;128;10,3
PN002420_00;3;350;128;10,2
PN003320_00;3;350;128;10,7
PN008083_00;3;350;128;11,9
PN008729_00;3;350;128;12,7
PN005593_02;3;350;128;17
PN007411_00;3;350;128;9,4
PN008784_00;3;350;128;9,4
PN007921_00;3;350;128;9,4
PN007213_00;3;350;128;9
PS004517_00;3;350;128;13,3
PN005829_00;3;350;128;12,6
PN007964_00;3;350;128;13,1
PN006205_00;3;350;128;14,5
PN004758_00;3;350;128;13,8
PN007632_00;3;350;128;15,6
PN003576_00;3;350;128;15,7
PN003575_00;3;350;128;17,1
PN007956_00;3;350;128;17,6
PN002959_00;3;350;128;8,4
PN001075_02;3;350;128;9,4
PN000102_00;3;350;128;11,9
PN000297_01;3;350;128;14,4
PN004571_01;3;350;128;6,5
PN004571_02;3;350;128;6,5
PN008395_00;3;350;128;9,4
PN005636_00;3;350;128;11,6
PN006020_00;3;350;128;11,9
PN004185_01;3;350;128;12,2
PN006984_00;3;350;128;12,6
PN006753_00;3;350;128;12,7
PN008814_01;3;350;128;6,2
PN009957_01;3;350;128;6,4
PN005419_00;3;350;128;8,5
PN006427_00;3;350;128;8,5
PN006075_00;3;350;128;11
PN005592_00;3;350;128;15,3
PN003242_00;3;350;128;9,6
PN004110_01;3;350;128;8,9
PN300062_00;3;350;128;12,3
PN300703_00;3;350;128;11,9
PN005892_00;3;350;128;8,4
PN004724_00;3;350;128;10,5
PN006020_00;3;350;128;11,9
PN004258_02;3;350;128;8,4
PN008784_00;3;350;128;9,4
PN007921_00;3;350;128;9,4
PN005829_00;3;350;128;12,6
PN007964_00;3;350;128;13,1
PN006205_00;3;350;128;14,5
PN007632_00;3;350;128;15,6
PN003575_00;3;350;128;17,1
PN007956_00;3;350;128;17,6
PN003625_00;4;350;96;6,2
PN004768_00;4;350;96;6,5
PN008984_00;4;350;96;7,8
PN300211_00;4;350;96;9,7
PN002420_00;4;350;96;9,6
PN003320_00;4;350;96;10,1
PN008083_00;4;350;96;11,2
PN008729_00;4;350;96;12
PN005593_02;4;350;96;16
PN006962_01;4;350;96;40
PN007411_00;4;350;96;8,7
PN008784_00;4;350;96;8,7
PN007921_00;4;350;96;8,7
PN007213_00;4;350;96;8,6
PS004517_00;4;350;96;12,5
PN005829_00;4;350;96;11,9
PN007964_00;4;350;96;12,4
PN006205_00;4;350;96;13,6
PN004758_00;4;350;96;13,1
PN007632_00;4;350;96;14,7
PN003576_00;4;350;96;14,8
PN003575_00;4;350;96;16
PN007956_00;4;350;96;16,5
PN002959_00;4;350;96;8
PN001075_02;4;350;96;9
PN000102_00;4;350;96;11,3
PN000297_01;4;350;96;13,6
PN004571_01;4;350;96;6,5
PN004571_02;4;350;96;6,5
PN008395_00;4;350;96;8,7
PN005636_00;4;350;96;10,9
PN006020_00;4;350;96;11,2
PN004185_01;4;350;96;11,5
PN006984_00;4;350;96;11,9
PN006753_00;4;350;96;12
PN008814_01;4;350;96;6,2
PN009957_01;4;350;96;6,4
PN005419_00;4;350;96;7,9
PN006427_00;4;350;96;7,9
PN006075_00;4;350;96;10,4
PN005592_00;4;350;96;14,2
PN003242_00;4;350;96;8,9
PN004110_01;4;350;96;8,3
PN300062_00;4;350;96;10,9
PN300703_00;4;350;96;11,2
PN005892_00;4;350;96;7,6
PN004724_00;4;350;96;9,9
PN006020_00;4;350;96;11,2
PN004258_02;4;350;96;7,7
PN008784_00;4;350;96;8,7
PN007921_00;4;350;96;8,7
PN005829_00;4;350;96;11,9
PN007964_00;4;350;96;12,4
PN006205_00;4;350;96;13,6
PN007632_00;4;350;96;14,7
PN003575_00;4;350;96;16
PN007956_00;4;350;96;16,5
PN003625_00;4;350;128;6,2
PN004768_00;4;350;128;6,5
PN008984_00;4;350;128;7,9
PN300211_00;4;350;128;9,8
PN002420_00;4;350;128;9,7
PN003320_00;4;350;128;10,2
PN008083_00;4;350;128;11,3
PN008729_00;4;350;128;12,1
PN005593_02;4;350;128;16,1
PN007411_00;4;350;128;8,8
PN008784_00;4;350;128;8,8
PN007921_00;4;350;128;8,8
PN007213_00;4;350;128;8,6
PS004517_00;4;350;128;12,6
PN005829_00;4;350;128;12
PN007964_00;4;350;128;12,5
PN006205_00;4;350;128;13,7
PN004758_00;4;350;128;13,2
PN007632_00;4;350;128;14,8
PN003576_00;4;350;128;14,9
PN003575_00;4;350;128;16,1
PN007956_00;4;350;128;16,6
PN002959_00;4;350;128;8,1
PN001075_02;4;350;128;9,1
PN000102_00;4;350;128;11,4
PN000297_01;4;350;128;13,7
PN004571_01;4;350;128;6,5
PN004571_02;4;350;128;6,5
PN008395_00;4;350;128;8,8
PN005636_00;4;350;128;11
PN006020_00;4;350;128;11,3
PN004185_01;4;350;128;11,6
PN006984_00;4;350;128;12
PN006753_00;4;350;128;12,1
PN008814_01;4;350;128;6,2
PN009957_01;4;350;128;6,4
PN005419_00;4;350;128;8
PN006427_00;4;350;128;8
PN006075_00;4;350;128;10,5
PN005592_00;4;350;128;14,3
PN003242_00;4;350;128;9
PN004110_01;4;350;128;8,4
PN300062_00;4;350;128;11
PN300703_00;4;350;128;11,3
PN005892_00;4;350;128;7,7
PN004724_00;4;350;128;10
PN006020_00;4;350;128;11,3
PN004258_02;4;350;128;7,8
PN008784_00;4;350;128;8,8
PN007921_00;4;350;128;8,8
PN005829_00;4;350;128;12
PN007964_00;4;350;128;12,5
PN006205_00;4;350;128;13,7
PN007632_00;4;350;128;14,8
PN003575_00;4;350;128;16,1
PN007956_00;4;350;128;16,6
PN003625_00;3;500;96;6,2
PN004768_00;3;500;96;6,4
PN008984_00;3;500;96;8,3
PN300211_00;3;500;96;10,2
PN002420_00;3;500;96;10,1
PN003320_00;3;500;96;10,6
PN008083_00;3;500;96;11,8
PN008729_00;3;500;96;12,6
PN005593_02;3;500;96;16,9
PN006962_01;3;500;96;45
PN007411_00;3;500;96;9,3
PN008784_00;3;500;96;9,3
PN007921_00;3;500;96;9,3
PN007213_00;3;500;96;8,9
PS004517_00;3;500;96;13,2
PN005829_00;3;500;96;12,5
PN007964_00;3;500;96;13
PN006205_00;3;500;96;14,4
PN004758_00;3;500;96;13,7
PN007632_00;3;500;96;15,5
PN003576_00;3;500;96;15,6
PN003575_00;3;500;96;17
PN007956_00;3;500;96;17,5
PN002959_00;3;500;96;8,3
PN001075_02;3;500;96;9,3
PN000102_00;3;500;96;11,8
PN000297_01;3;500;96;14,3
PN004571_01;3;500;96;6,5
PN004571_02;3;500;96;6,5
PN008395_00;3;500;96;9,3
PN005636_00;3;500;96;11,5
PN006020_00;3;500;96;11,8
PN004185_01;3;500;96;12,1
PN006984_00;3;500;96;12,5
PN006753_00;3;500;96;12,6
PN008814_01;3;500;96;6,2
PN009957_01;3;500;96;6,3
PN005419_00;3;500;96;8,4
PN006427_00;3;500;96;8,4
PN006075_00;3;500;96;10,9
PN005592_00;3;500;96;15,2
PN003242_00;3;500;96;9,5
PN004110_01;3;500;96;8,8
PN300062_00;3;500;96;12,2
PN300703_00;3;500;96;11,8
PN005892_00;3;500;96;8,3
PN004724_00;3;500;96;10,4
PN006020_00;3;500;96;11,8
PN004258_02;3;500;96;8,3
PN008784_00;3;500;96;9,3
PN007921_00;3;500;96;9,3
PN005829_00;3;500;96;12,5
PN007964_00;3;500;96;13
PN006205_00;3;500;96;14,4
PN007632_00;3;500;96;15,5
PN003575_00;3;500;96;17
PN007956_00;3;500;96;17,5
PN003625_00;3;500;128;6,2
PN004768_00;3;500;128;6,5
PN008984_00;3;500;128;8,4
PN300211_00;3;500;128;10,3
PN002420_00;3;500;128;10,2
PN003320_00;3;500;128;10,7
PN008083_00;3;500;128;11,9
PN008729_00;3;500;128;12,7
PN005593_02;3;500;128;17
PN007411_00;3;500;128;9,4
PN008784_00;3;500;128;9,4
PN007921_00;3;500;128;9,4
PN007213_00;3;500;128;9
PS004517_00;3;500;128;13,3
PN005829_00;3;500;128;12,6
PN007964_00;3;500;128;13,1
PN006205_00;3;500;128;14,5
PN004758_00;3;500;128;13,8
PN007632_00;3;500;128;15,6
PN003576_00;3;500;128;15,7
PN003575_00;3;500;128;17,1
PN007956_00;3;500;128;17,6
PN002959_00;3;500;128;8,4
PN001075_02;3;500;128;9,4
PN000102_00;3;500;128;11,9
PN000297_01;3;500;128;14,4
PN004571_01;3;500;128;6,5
PN004571_02;3;500;128;6,5
PN008395_00;3;500;128;9,4
PN005636_00;3;500;128;11,6
PN006020_00;3;500;128;11,9
PN004185_01;3;500;128;12,2
PN006984_00;3;500;128;12,6
PN006753_00;3;500;128;12,7
PN008814_01;3;500;128;6,2
PN009957_01;3;500;128;6,4
PN005419_00;3;500;128;8,5
PN006427_00;3;500;128;8,5
PN006075_00;3;500;128;11
PN005592_00;3;500;128;15,3
PN003242_00;3;500;128;9,6
PN004110_01;3;500;128;8,9
PN300062_00;3;500;128;12,3
PN300703_00;3;500;128;11,9
PN005892_00;3;500;128;8,4
PN004724_00;3;500;128;10,5
PN006020_00;3;500;128;11,9
PN004258_02;3;500;128;8,4
PN008784_00;3;500;128;9,4
PN007921_00;3;500;128;9,4
PN005829_00;3;500;128;12,6
PN007964_00;3;500;128;13,1
PN006205_00;3;500;128;14,5
PN007632_00;3;500;128;15,6
PN003575_00;3;500;128;17,1
PN007956_00;3;500;128;17,6
PN003625_00;3;500;144;6,2
PN004768_00;3;500;144;6,5
PN008984_00;3;500;144;8,5
PN300211_00;3;500;144;10,4
PN002420_00;3;500;144;10,3
PN003320_00;3;500;144;10,8
PN008083_00;3;500;144;12
PN008729_00;3;500;144;12,8
PN005593_02;3;500;144;17,1
PN007411_00;3;500;144;9,5
PN008784_00;3;500;144;9,5
PN007921_00;3;500;144;9,5
PN007213_00;3;500;144;9,1
PS004517_00;3;500;144;13,4
PN005829_00;3;500;144;12,7
PN007964_00;3;500;144;13,2
PN006205_00;3;500;144;14,6
PN004758_00;3;500;144;13,9
PN007632_00;3;500;144;15,7
PN003576_00;3;500;144;15,8
PN003575_00;3;500;144;17,2
PN007956_00;3;500;144;17,7
PN002959_00;3;500;144;8,5
PN001075_02;3;500;144;9,5
PN000102_00;3;500;144;12
PN000297_01;3;500;144;14,5
PN004571_01;3;500;144;6,5
PN004571_02;3;500;144;6,5
PN008395_00;3;500;144;9,5
PN005636_00;3;500;144;11,7
PN006020_00;3;500;144;12
PN004185_01;3;500;144;12,3
PN006984_00;3;500;144;12,7
PN006753_00;3;500;144;12,8
PN008814_01;3;500;144;6,2
PN009957_01;3;500;144;6,4
PN005419_00;3;500;144;8,6
PN006427_00;3;500;144;8,6
PN006075_00;3;500;144;11,1
PN005592_00;3;500;144;15,4
PN003242_00;3;500;144;9,7
PN004110_01;3;500;144;9
PN300062_00;3;500;144;12,4
PN300703_00;3;500;144;12
PN005892_00;3;500;144;8,5
PN004724_00;3;500;144;10,6
PN006020_00;3;500;144;12
PN004258_02;3;500;144;8,5
PN008784_00;3;500;144;9,5
PN007921_00;3;500;144;9,5
PN005829_00;3;500;144;12,7
PN007964_00;3;500;144;13,2
PN006205_00;3;500;144;14,6
PN007632_00;3;500;144;15,7
PN003575_00;3;500;144;17,2
PN007956_00;3;500;144;17,7
PN003625_00;3;500;180;6,2
PN004768_00;3;500;180;6,5
PN008984_00;3;500;180;8,6
PN300211_00;3;500;180;10,5
PN002420_00;3;500;180;10,4
PN003320_00;3;500;180;10,9
PN008083_00;3;500;180;12,1
PN008729_00;3;500;180;12,9
PN007411_00;3;500;180;9,6
PN008784_00;3;500;180;9,6
PN007921_00;3;500;180;9,6
PN007213_00;3;500;180;9,2
PS004517_00;3;500;180;13,5
PN005829_00;3;500;180;12,8
PN007964_00;3;500;180;13,3
PN006205_00;3;500;180;14,7
PN004758_00;3;500;180;14
PN007632_00;3;500;180;15,8
PN003576_00;3;500;180;15,9
PN003575_00;3;500;180;17,3
PN007956_00;3;500;180;17,8
PN002959_00;3;500;180;8,6
PN001075_02;3;500;180;9,6
PN000102_00;3;500;180;12,1
PN000297_01;3;500;180;14,6
PN004571_01;3;500;180;6,5
PN004571_02;3;500;180;6,5
PN008395_00;3;500;180;9,6
PN005636_00;3;500;180;11,8
PN006020_00;3;500;180;12,1
PN004185_01;3;500;180;12,4
PN006984_00;3;500;180;12,8
PN008814_01;3;500;180;6,2
PN009957_01;3;500;180;6,4
PN005419_00;3;500;180;8,7
PN006427_00;3;500;180;8,7
PN006075_00;3;500;180;11,2
PN003242_00;3;500;180;9,8
PN004110_01;3;500;180;9,1
PN300062_00;3;500;180;12,5
PN300703_00;3;500;180;12,1
PN005892_00;3;500;180;8,6
PN004724_00;3;500;180;10,7
PN006020_00;3;500;180;12,1
PN004258_02;3;500;180;8,6
PN008784_00;3;500;180;9,6
PN007921_00;3;500;180;9,6
PN005829_00;3;500;180;12,8
PN007964_00;3;500;180;13,3
PN006205_00;3;500;180;14,7
PN007632_00;3;500;180;15,8
PN003575_00;3;500;180;17,3
PN007956_00;3;500;180;17,8
PN003625_00;3;500;200;6,2
PN004768_00;3;500;200;6,5
PN008984_00;3;500;200;8,7
PN300211_00;3;500;200;10,6
PN002420_00;3;500;200;10,5
PN003320_00;3;500;200;11
PN008083_00;3;500;200;12,2
PN008729_00;3;500;200;13
PN007411_00;3;500;200;9,7
PN008784_00;3;500;200;9,7
PN007921_00;3;500;200;9,7
PN007213_00;3;500;200;9,3
PS004517_00;3;500;200;13,6
PN005829_00;3;500;200;12,9
PN007964_00;3;500;200;13,4
PN006205_00;3;500;200;14,8
PN004758_00;3;500;200;14,1
PN007632_00;3;500;200;15,9
PN003576_00;3;500;200;16
PN003575_00;3;500;200;17,4
PN007956_00;3;500;200;17,9
PN002959_00;3;500;200;8,7
PN001075_02;3;500;200;9,7
PN000102_00;3;500;200;12,2
PN000297_01;3;500;200;14,7
PN004571_01;3;500;200;6,5
PN004571_02;3;500;200;6,5
PN008395_00;3;500;200;9,7
PN005636_00;3;500;200;11,9
PN006020_00;3;500;200;12,2
PN004185_01;3;500;200;12,5
PN006984_00;3;500;200;12,9
PN008814_01;3;500;200;6,2
PN009957_01;3;500;200;6,4
PN005419_00;3;500;200;8,8
PN006427_00;3;500;200;8,8
PN006075_00;3;500;200;11,3
PN003242_00;3;500;200;9,9
PN004110_01;3;500;200;9,2
PN300062_00;3;500;200;12,6
PN300703_00;3;500;200;12,2
PN005892_00;3;500;200;8,7
PN004724_00;3;500;200;10,8
PN006020_00;3;500;200;12,2
PN004258_02;3;500;200;8,7
PN008784_00;3;500;200;9,7
PN007921_00;3;500;200;9,7
PN005829_00;3;500;200;12,9
PN007964_00;3;500;200;13,4
PN006205_00;3;500;200;14,8
PN007632_00;3;500;200;15,9
PN003575_00;3;500;200;17,4
PN007956_00;3;500;200;17,9
PN003625_00;4;500;96;6,2
PN004768_00;4;500;96;6,5
PN008984_00;4;500;96;7,8
PN300211_00;4;500;96;9,7
PN002420_00;4;500;96;9,6
PN003320_00;4;500;96;10,1
PN008083_00;4;500;96;11,2
PN008729_00;4;500;96;12
PN005593_02;4;500;96;16
PN006962_01;4;500;96;40
PN007411_00;4;500;96;8,7
PN008784_00;4;500;96;8,7
PN007921_00;4;500;96;8,7
PN007213_00;4;500;96;8,6
PS004517_00;4;500;96;12,5
PN005829_00;4;500;96;11,9
PN007964_00;4;500;96;12,4
PN006205_00;4;500;96;13,6
PN004758_00;4;500;96;13,1
PN007632_00;4;500;96;14,7
PN003576_00;4;500;96;14,8
PN003575_00;4;500;96;16
PN007956_00;4;500;96;16,5
PN002959_00;4;500;96;8
PN001075_02;4;500;96;9
PN000102_00;4;500;96;11,3
PN000297_01;4;500;96;13,6
PN004571_01;4;500;96;6,5
PN004571_02;4;500;96;6,5
PN008395_00;4;500;96;8,7
PN005636_00;4;500;96;10,9
PN006020_00;4;500;96;11,2
PN004185_01;4;500;96;11,5
PN006984_00;4;500;96;11,9
PN006753_00;4;500;96;12
PN008814_01;4;500;96;6,2
PN009957_01;4;500;96;6,4
PN005419_00;4;500;96;7,9
PN006427_00;4;500;96;7,9
PN006075_00;4;500;96;10,4
PN005592_00;4;500;96;14,2
PN003242_00;4;500;96;8,9
PN004110_01;4;500;96;8,3
PN300062_00;4;500;96;10,9
PN300703_00;4;500;96;11,2
PN005892_00;4;500;96;7,6
PN004724_00;4;500;96;9,9
PN006020_00;4;500;96;11,2
PN004258_02;4;500;96;7,7
PN008784_00;4;500;96;8,7
PN007921_00;4;500;96;8,7
PN005829_00;4;500;96;11,9
PN007964_00;4;500;96;12,4
PN006205_00;4;500;96;13,6
PN007632_00;4;500;96;14,7
PN003575_00;4;500;96;16
PN007956_00;4;500;96;16,5
PN003625_00;4;500;128;6,2
PN004768_00;4;500;128;6,5
PN008984_00;4;500;128;7,9
PN300211_00;4;500;128;9,8
PN002420_00;4;500;128;9,7
PN003320_00;4;500;128;10,2
PN008083_00;4;500;128;11,3
PN008729_00;4;500;128;12,1
PN005593_02;4;500;128;16,1
PN007411_00;4;500;128;8,8
PN008784_00;4;500;128;8,8
PN007921_00;4;500;128;8,8
PN007213_00;4;500;128;8,6
PS004517_00;4;500;128;12,6
PN005829_00;4;500;128;12
PN007964_00;4;500;128;12,5
PN006205_00;4;500;128;13,7
PN004758_00;4;500;128;13,2
PN007632_00;4;500;128;14,8
PN003576_00;4;500;128;14,9
PN003575_00;4;500;128;16,1
PN007956_00;4;500;128;16,6
PN002959_00;4;500;128;8,1
PN001075_02;4;500;128;9,1
PN000102_00;4;500;128;11,4
PN000297_01;4;500;128;13,7
PN004571_01;4;500;128;6,5
PN004571_02;4;500;128;6,5
PN008395_00;4;500;128;8,8
PN005636_00;4;500;128;11
PN006020_00;4;500;128;11,3
PN004185_01;4;500;128;11,6
PN006984_00;4;500;128;12
PN006753_00;4;500;128;12,1
PN008814_01;4;500;128;6,2
PN009957_01;4;500;128;6,4
PN005419_00;4;500;128;8
PN006427_00;4;500;128;8
PN006075_00;4;500;128;10,5
PN005592_00;4;500;128;14,3
PN003242_00;4;500;128;9
PN004110_01;4;500;128;8,4
PN300062_00;4;500;128;11
PN300703_00;4;500;128;11,3
PN005892_00;4;500;128;7,7
PN004724_00;4;500;128;10
PN006020_00;4;500;128;11,3
PN004258_02;4;500;128;7,8
PN008784_00;4;500;128;8,8
PN007921_00;4;500;128;8,8
PN005829_00;4;500;128;12
PN007964_00;4;500;128;12,5
PN006205_00;4;500;128;13,7
PN007632_00;4;500;128;14,8
PN003575_00;4;500;128;16,1
PN007956_00;4;500;128;16,6
PN003625_00;4;500;144;6,2
PN004768_00;4;500;144;6,5
PN008984_00;4;500;144;8
PN300211_00;4;500;144;9,9
PN002420_00;4;500;144;9,8
PN003320_00;4;500;144;10,3
PN008083_00;4;500;144;11,6
PN008729_00;4;500;144;12,2
PN005593_02;4;500;144;16,2
PN007411_00;4;500;144;8,9
PN008784_00;4;500;144;8,9
PN007921_00;4;500;144;8,9
PN007213_00;4;500;144;8,7
PS004517_00;4;500;144;12,7
PN005829_00;4;500;144;12,1
PN007964_00;4;500;144;12,6
PN006205_00;4;500;144;13,8
PN004758_00;4;500;144;13,3
PN007632_00;4;500;144;14,9
PN003576_00;4;500;144;15
PN003575_00;4;500;144;16,2
PN007956_00;4;500;144;16,7
PN002959_00;4;500;144;8,2
PN001075_02;4;500;144;9,2
PN000102_00;4;500;144;11,5
PN000297_01;4;500;144;13,8
PN004571_01;4;500;144;6,5
PN004571_02;4;500;144;6,5
PN008395_00;4;500;144;8,9
PN005636_00;4;500;144;11,3
PN006020_00;4;500;144;11,6
PN004185_01;4;500;144;11,9
PN006984_00;4;500;144;12,1
PN006753_00;4;500;144;12,2
PN008814_01;4;500;144;6,2
PN009957_01;4;500;144;6,4
PN005419_00;4;500;144;8,1
PN006427_00;4;500;144;8,1
PN006075_00;4;500;144;10,6
PN003242_00;4;500;144;9,1
PN004110_01;4;500;144;8,5
PN300062_00;4;500;144;11,1
PN300703_00;4;500;144;11,6
PN005892_00;4;500;144;7,8
PN004724_00;4;500;144;10,1
PN006020_00;4;500;144;11,6
PN004258_02;4;500;144;7,9
PN008784_00;4;500;144;8,9
PN007921_00;4;500;144;8,9
PN005829_00;4;500;144;12,1
PN007964_00;4;500;144;12,6
PN006205_00;4;500;144;13,8
PN007632_00;4;500;144;14,9
PN003575_00;4;500;144;16,2
PN007956_00;4;500;144;16,7
PN003625_00;4;500;180;6,2
PN004768_00;4;500;180;6,5
PN008984_00;4;500;180;8,1
PN300211_00;4;500;180;10
PN002420_00;4;500;180;9,9
PN003320_00;4;500;180;10,4
PN008083_00;4;500;180;11,7
PN008729_00;4;500;180;12,3
PN007411_00;4;500;180;9
PN008784_00;4;500;180;9
PN007921_00;4;500;180;9
PN007213_00;4;500;180;8,7
PS004517_00;4;500;180;12,8
PN005829_00;4;500;180;12,2
PN007964_00;4;500;180;12,7
PN006205_00;4;500;180;13,9
PN004758_00;4;500;180;13,4
PN007632_00;4;500;180;15
PN003576_00;4;500;180;15,1
PN003575_00;4;500;180;16,3
PN007956_00;4;500;180;16,8
PN002959_00;4;500;180;8,3
PN001075_02;4;500;180;9,3
PN000102_00;4;500;180;11,6
PN000297_01;4;500;180;13,9
PN004571_01;4;500;180;6,5
PN004571_02;4;500;180;6,5
PN008395_00;4;500;180;9
PN005636_00;4;500;180;11,4
PN006020_00;4;500;180;11,7
PN004185_01;4;500;180;12
PN006984_00;4;500;180;12,2
PN008814_01;4;500;180;6,2
PN009957_01;4;500;180;6,4
PN005419_00;4;500;180;8,2
PN006427_00;4;500;180;8,2
PN006075_00;4;500;180;10,7
PN003242_00;4;500;180;9,2
PN004110_01;4;500;180;8,6
PN300062_00;4;500;180;11,2
PN300703_00;4;500;180;11,7
PN005892_00;4;500;180;7,9
PN004724_00;4;500;180;10,2
PN006020_00;4;500;180;11,7
PN004258_02;4;500;180;8
PN008784_00;4;500;180;9
PN007921_00;4;500;180;9
PN005829_00;4;500;180;12,2
PN007964_00;4;500;180;12,7
PN006205_00;4;500;180;13,9
PN007632_00;4;500;180;15
PN003575_00;4;500;180;16,3
PN007956_00;4;500;180;16,8
